round,client_req,new_updates,avg_loss,queue_size,client_train_acc,client_test_acc,client_train_acc_avg,client_test_acc_avg,accuracy_score
0,10,6,"[1.382181167602539, 1.3679786026477814, 1.373536467552185, 1.3794043958187103, 1.3857151865959167, 1.369062215089798]",4,"[0.47619047619047616, 0.49206349206349204, 0.6587301587301587, 0.4523809523809524, 0.3968253968253968, 0.48412698412698413]","[0.46335697399527187, 0.46335697399527187, 0.46335697399527187, 0.46335697399527187, 0.46335697399527187, 0.46335697399527187]",0.49338624338624343,0.4633569739952719,0.46335697399527187
1,10,9,"[1.373248040676117, 1.352390855550766, 1.4047692716121674, 1.374172419309616, 1.3942677080631256, 1.3608780205249786, 1.3693587481975555, 1.3941238820552826, 1.353664606809616]",5,"[0.5079365079365079, 0.46825396825396826, 0.5396825396825397, 0.4444444444444444, 0.5793650793650794, 0.4523809523809524, 0.46825396825396826, 0.5634920634920635, 0.48412698412698413]","[0.46335697399527187, 0.46335697399527187, 0.46335697399527187, 0.46335697399527187, 0.46335697399527187, 0.46335697399527187, 0.46335697399527187, 0.46335697399527187, 0.46335697399527187]",0.5008818342151675,0.463356973995272,0.46335697399527187
2,9,6,"[1.3510385155677795, 1.3437224328517914, 1.4139318466186523, 1.3695383667945862, 1.4078634083271027, 1.345624953508377]",8,"[0.46825396825396826, 0.48412698412698413, 0.5238095238095238, 0.36507936507936506, 0.5793650793650794, 0.5317460317460317]","[0.46335697399527187, 0.46335697399527187, 0.46335697399527187, 0.46382978723404256, 0.46335697399527187, 0.46335697399527187]",0.4920634920634921,0.46343577620173376,0.46335697399527187
3,9,7,"[1.3948248326778412, 1.3337734043598175, 1.328847736120224, 1.3209362030029297, 1.3288373947143555, 1.3413620591163635, 1.3293576538562775]",10,"[0.5873015873015873, 0.4523809523809524, 0.47619047619047616, 0.46825396825396826, 0.5158730158730159, 0.4603174603174603, 0.46825396825396826]","[0.46335697399527187, 0.46713947990543736, 0.4666666666666667, 0.4666666666666667, 0.4652482269503546, 0.4732860520094563, 0.4685579196217494]",0.489795918367347,0.46727456940222906,0.466193853427896
4,9,10,"[1.3813373446464539, 1.3798331320285797, 1.3331584930419922, 1.3243849575519562, 1.4583349823951721, 1.3260398507118225, 1.3122883141040802, 1.3112938404083252, 1.4318920373916626, 1.3306956887245178]",9,"[0.5396825396825397, 0.4444444444444444, 0.5396825396825397, 0.5317460317460317, 0.5079365079365079, 0.5396825396825397, 0.5555555555555556, 0.5079365079365079, 0.5634920634920635, 0.5476190476190477]","[0.46335697399527187, 0.46335697399527187, 0.5645390070921986, 0.5286052009456265, 0.46335697399527187, 0.556501182033097, 0.5219858156028369, 0.5243498817966903, 0.46335697399527187, 0.5442080378250591]",0.5277777777777777,0.5093617021276596,0.5200945626477541
5,7,4,"[1.3337501287460327, 1.2999498844146729, 1.3173750936985016, 1.287480354309082]",12,"[0.5, 0.7142857142857143, 0.6507936507936508, 0.6428571428571429]","[0.46761229314420805, 0.6581560283687943, 0.6784869976359338, 0.6392434988179669]",0.626984126984127,0.6108747044917258,0.6520094562647755
6,10,10,"[1.3544380068778992, 1.4828479588031769, 1.2783837616443634, 1.2725454270839691, 1.4947996139526367, 1.2810718417167664, 1.286586970090866, 1.3017413914203644, 1.2909168004989624, 1.2792717814445496]",12,"[0.6111111111111112, 0.5, 0.7698412698412699, 0.7222222222222222, 0.46825396825396826, 0.7936507936507936, 0.8174603174603174, 0.8571428571428571, 0.7857142857142857, 0.7857142857142857]","[0.46335697399527187, 0.4723404255319149, 0.7626477541371158, 0.7522458628841607, 0.5356973995271868, 0.7631205673758865, 0.7791962174940898, 0.7966903073286052, 0.7612293144208038, 0.7640661938534279]",0.711111111111111,0.6850591016548463,0.7678486997635934
7,10,10,"[1.2932310998439789, 1.2612106800079346, 1.2679095268249512, 1.2632291913032532, 1.5171745419502258, 1.2501593828201294, 1.2593270242214203, 1.4963531196117401, 1.2578027248382568, 1.2716138064861298]",12,"[0.6349206349206349, 0.8253968253968254, 0.8015873015873016, 0.8571428571428571, 0.2857142857142857, 0.8492063492063492, 0.8650793650793651, 0.30158730158730157, 0.8253968253968254, 0.8968253968253969]","[0.64822695035461, 0.8562647754137116, 0.8524822695035461, 0.8434988179669031, 0.7035460992907802, 0.8349881796690307, 0.8520094562647754, 0.6685579196217494, 0.8364066193853428, 0.8595744680851064]",0.7142857142857142,0.7955555555555555,0.8486997635933806
8,10,13,"[1.3364542424678802, 1.4275400042533875, 1.4356902241706848, 1.2850695252418518, 1.5461208820343018, 1.2329424917697906, 1.5392445027828217, 1.2520331740379333, 1.5429348945617676, 1.5189688801765442, 1.2597035765647888, 1.2635037004947662, 1.2467019855976105]",9,"[0.5, 0.5238095238095238, 0.5793650793650794, 0.8333333333333334, 0.21428571428571427, 0.9047619047619048, 0.16666666666666666, 0.9285714285714286, 0.21428571428571427, 0.23015873015873015, 0.8809523809523809, 0.8888888888888888, 0.9126984126984127]","[0.46335697399527187, 0.46335697399527187, 0.46335697399527187, 0.8690307328605201, 0.8, 0.9002364066193853, 0.7914893617021277, 0.9111111111111111, 0.7962174940898346, 0.7839243498817967, 0.9125295508274232, 0.9115839243498818, 0.9035460992907801]",0.5982905982905984,0.7669030732860521,0.8
9,9,7,"[1.3715592622756958, 1.3457912504673004, 1.5039701163768768, 1.2659328281879425, 1.5195622146129608, 1.2611970901489258, 1.2549585402011871]",11,"[0.3968253968253968, 0.4603174603174603, 0.3253968253968254, 0.8888888888888888, 0.2619047619047619, 0.8968253968253969, 0.9444444444444444]","[0.46335697399527187, 0.4803782505910166, 0.7271867612293145, 0.88274231678487, 0.7262411347517731, 0.8699763593380615, 0.8718676122931442]",0.5963718820861678,0.7173927727119217,0.684160756501182
10,8,6,"[1.3122206628322601, 1.3005293011665344, 1.2928806245326996, 1.482027918100357, 1.302723377943039, 1.2857365906238556]",13,"[0.6190476190476191, 0.8015873015873016, 0.7857142857142857, 0.42063492063492064, 0.8174603174603174, 0.8412698412698413]","[0.6869976359338061, 0.810401891252955, 0.7966903073286052, 0.5829787234042553, 0.8042553191489362, 0.7839243498817967]",0.7142857142857143,0.7442080378250591,0.7971631205673759
11,7,7,"[1.347438007593155, 1.3383159041404724, 1.297301322221756, 1.2635374665260315, 1.2684122323989868, 1.2626223266124725, 1.4837055504322052]",13,"[0.49206349206349204, 0.5079365079365079, 0.6746031746031746, 0.8650793650793651, 0.8333333333333334, 0.8809523809523809, 0.31746031746031744]","[0.46335697399527187, 0.46335697399527187, 0.6581560283687943, 0.8699763593380615, 0.8775413711583925, 0.8718676122931442, 0.7030732860520095]",0.6530612244897959,0.7010469436001351,0.6742316784869976
12,9,12,"[1.4635191559791565, 1.2815579175949097, 1.4746088683605194, 1.2743616104125977, 1.299947440624237, 1.2813677191734314, 1.295036107301712, 1.2483076453208923, 1.2959704995155334, 1.280453383922577, 1.4730360805988312, 1.5055377781391144]",10,"[0.626984126984127, 0.8174603174603174, 0.47619047619047616, 0.9047619047619048, 0.7936507936507936, 0.7936507936507936, 0.7777777777777778, 0.8095238095238095, 0.8015873015873016, 0.7936507936507936, 0.5, 0.4523809523809524]","[0.5030732860520094, 0.782033096926714, 0.5602836879432624, 0.8803782505910166, 0.7995271867612294, 0.7735224586288416, 0.7881796690307329, 0.7304964539007093, 0.7938534278959811, 0.7806146572104019, 0.542789598108747, 0.583451536643026]",0.7123015873015873,0.7098502758077226,0.7848699763593381
13,10,12,"[1.283321887254715, 1.2512297928333282, 1.2772474586963654, 1.511928915977478, 1.2504037916660309, 1.492731362581253, 1.270918220281601, 1.4977034330368042, 1.4916318356990814, 1.256855696439743, 1.2620523273944855, 1.2582698464393616]",8,"[0.7698412698412699, 0.9206349206349206, 0.8412698412698413, 0.2777777777777778, 0.8888888888888888, 0.42857142857142855, 0.8571428571428571, 0.29365079365079366, 0.3253968253968254, 0.8333333333333334, 0.873015873015873, 0.873015873015873]","[0.7692671394799054, 0.9111111111111111, 0.8775413711583925, 0.7366430260047281, 0.8505910165484634, 0.6756501182033097, 0.857210401891253, 0.691725768321513, 0.7044917257683215, 0.8491725768321513, 0.8619385342789598, 0.8624113475177305]",0.6818783068783069,0.8039795114263198,0.8614657210401891
14,8,8,"[1.255618542432785, 1.5216821432113647, 1.27068692445755, 1.2362771034240723, 1.2318920493125916, 1.506264090538025, 1.2530807852745056, 1.5104963183403015]",8,"[0.8492063492063492, 0.3412698412698413, 0.7777777777777778, 0.8968253968253969, 0.8968253968253969, 0.25396825396825395, 0.8968253968253969, 0.23809523809523808]","[0.8747044917257684, 0.7262411347517731, 0.7801418439716312, 0.9101654846335697, 0.900709219858156, 0.7711583924349882, 0.9144208037825059, 0.7858156028368795]",0.6438492063492064,0.832919621749409,0.8515366430260047
15,9,9,"[1.2364187240600586, 1.2502771317958832, 1.2351160645484924, 1.5428870022296906, 1.2362271547317505, 1.2609009742736816, 1.2427133321762085, 1.2322587072849274, 1.265100121498108]",8,"[0.9126984126984127, 0.9444444444444444, 0.9047619047619048, 0.21428571428571427, 0.873015873015873, 0.8809523809523809, 0.8809523809523809, 0.9126984126984127, 0.8888888888888888]","[0.9106382978723404, 0.9153664302600473, 0.9035460992907801, 0.8042553191489362, 0.8988179669030733, 0.9144208037825059, 0.9106382978723404, 0.9044917257683215, 0.9144208037825059]",0.8236331569664903,0.8973995271867613,0.9049645390070922
16,9,11,"[1.498761385679245, 1.2863803803920746, 1.2211003601551056, 1.2287168204784393, 1.2297050654888153, 1.5402469635009766, 1.2281940877437592, 1.531564176082611, 1.2465828657150269, 1.2261787354946136, 1.5235761404037476]",6,"[0.30158730158730157, 0.8809523809523809, 0.8650793650793651, 0.9523809523809523, 0.8888888888888888, 0.1349206349206349, 0.9126984126984127, 0.11904761904761904, 0.9603174603174603, 0.9206349206349206, 0.15079365079365079]","[0.7200945626477542, 0.9224586288416076, 0.9404255319148936, 0.9380614657210402, 0.939952718676123, 0.8529550827423168, 0.9356973995271868, 0.8505910165484634, 0.9423167848699764, 0.9394799054373523, 0.8425531914893617]",0.6443001443001444,0.8931442080378251,0.9394799054373523
17,10,7,"[1.285650223493576, 1.216744303703308, 1.1940604746341705, 1.556557297706604, 1.2144273817539215, 1.199534684419632, 1.1935191452503204]",9,"[0.9206349206349206, 0.9285714285714286, 0.9682539682539683, 0.09523809523809523, 0.9603174603174603, 0.9682539682539683, 0.9761904761904762]","[0.8888888888888888, 0.9517730496453901, 0.9479905437352246, 0.9186761229314421, 0.9536643026004729, 0.9498817966903074, 0.9484633569739953]",0.8310657596371883,0.937048294495103,0.9494089834515367
18,9,6,"[1.2218043804168701, 1.133367121219635, 1.2044693231582642, 1.1764313280582428, 1.1881851255893707, 1.58218452334404]",12,"[0.9523809523809523, 0.9920634920634921, 0.9365079365079365, 0.9444444444444444, 0.9682539682539683, 0.06349206349206349]","[0.9550827423167849, 0.9522458628841608, 0.9650118203309692, 0.9650118203309692, 0.9635933806146572, 0.9427895981087471]",0.8095238095238094,0.9572892040977147,0.9607565011820332
19,9,6,"[1.2323579788208008, 1.1438794136047363, 1.1570388972759247, 1.1627807915210724, 1.1683621406555176, 1.1603180468082428]",15,"[0.9126984126984127, 0.9841269841269841, 0.9841269841269841, 0.9603174603174603, 0.9285714285714286, 0.9920634920634921]","[0.8973995271867612, 0.9659574468085106, 0.9697399527186761, 0.9706855791962175, 0.9711583924349881, 0.9706855791962175]",0.9603174603174603,0.9576044129235619,0.9706855791962175
20,7,8,"[1.5641455948352814, 1.608873575925827, 1.1684153378009796, 1.1481479704380035, 1.139993280172348, 1.1698243916034698, 1.6910948753356934, 1.1482013463974]",14,"[0.1349206349206349, 0.023809523809523808, 0.9920634920634921, 0.9365079365079365, 0.9523809523809523, 0.9682539682539683, 0.05555555555555555, 0.9523809523809523]","[0.9106382978723404, 0.9517730496453901, 0.9754137115839243, 0.9768321513002364, 0.9744680851063829, 0.9763593380614657, 0.9654846335697399, 0.9739952718676123]",0.626984126984127,0.9631205673758865,0.9754137115839243
21,10,10,"[1.473649114370346, 1.249969720840454, 1.1146385669708252, 1.1209295094013214, 1.0998790562152863, 1.1035490036010742, 1.1603083312511444, 1.155847191810608, 1.125529944896698, 1.720202773809433]",14,"[0.5555555555555556, 0.9285714285714286, 0.9682539682539683, 0.9761904761904762, 0.9761904761904762, 0.9841269841269841, 0.9920634920634921, 0.9682539682539683, 0.9920634920634921, 0.047619047619047616]","[0.5342789598108747, 0.9177304964539007, 0.9801418439716312, 0.9820330969267139, 0.9806146572104019, 0.9791962174940898, 0.9825059101654846, 0.9829787234042553, 0.9801418439716312, 0.9721040189125295]",0.8388888888888889,0.9291725768321515,0.9810874704491725
22,9,12,"[1.5313527584075928, 1.266889601945877, 1.1900752186775208, 1.1662228405475616, 1.1014910638332367, 1.6875682771205902, 1.0425776243209839, 1.718415230512619, 1.7483818531036377, 1.0803007781505585, 1.713418960571289, 1.0729829668998718]",11,"[0.3412698412698413, 0.8888888888888888, 0.9682539682539683, 0.9761904761904762, 0.9920634920634921, 0.031746031746031744, 0.9920634920634921, 0.05555555555555555, 0.03968253968253968, 0.9841269841269841, 0.031746031746031744, 0.9920634920634921]","[0.7219858156028369, 0.8685579196217494, 0.9640661938534278, 0.9706855791962175, 0.9773049645390071, 0.9796690307328605, 0.9796690307328605, 0.9763593380614657, 0.9796690307328605, 0.9843971631205674, 0.975886524822695, 0.9825059101654846]",0.6078042328042328,0.9467297084318359,0.9777777777777777
23,10,11,"[1.216462403535843, 1.0910807251930237, 1.110057681798935, 1.7322746515274048, 1.651033639907837, 1.1147097945213318, 1.116857260465622, 1.1206815540790558, 1.6701185405254364, 1.1151795387268066, 1.1174942255020142]",10,"[0.9920634920634921, 0.9841269841269841, 0.9841269841269841, 0.007936507936507936, 0.015873015873015872, 0.9761904761904762, 0.9841269841269841, 0.9920634920634921, 0.031746031746031744, 0.9920634920634921, 0.9841269841269841]","[0.956501182033097, 0.9815602836879432, 0.9820330969267139, 0.9763593380614657, 0.9763593380614657, 0.9825059101654846, 0.9815602836879432, 0.9820330969267139, 0.9763593380614657, 0.9825059101654846, 0.9815602836879432]",0.7222222222222222,0.978121641951429,0.9820330969267139
24,9,9,"[1.1916108131408691, 1.2025495767593384, 1.6621503829956055, 1.5969348549842834, 1.0818041563034058, 1.1008029878139496, 1.7358318567276, 1.0946253836154938, 1.7533711194992065]",10,"[0.9444444444444444, 0.9444444444444444, 0.03968253968253968, 0.047619047619047616, 0.9920634920634921, 0.9761904761904762, 0.023809523809523808, 0.9841269841269841, 0.03968253968253968]","[0.9654846335697399, 0.968321513002364, 0.9522458628841608, 0.9479905437352246, 0.9829787234042553, 0.9858156028368794, 0.9806146572104019, 0.9839243498817967, 0.9787234042553191]",0.5546737213403881,0.9717888100866823,0.9754137115839243
25,8,6,"[1.2339542210102081, 1.1482692062854767, 1.162365436553955, 1.1505370736122131, 1.696265995502472, 1.1554393470287323]",12,"[0.9523809523809523, 0.9920634920634921, 0.9603174603174603, 0.9603174603174603, 0.047619047619047616, 0.9682539682539683]","[0.968321513002364, 0.9810874704491725, 0.9820330969267139, 0.9796690307328605, 0.9730496453900709, 0.9825059101654846]",0.8134920634920634,0.9777777777777779,0.9801418439716312
26,8,8,"[1.2277989387512207, 1.7223101258277893, 1.7178554832935333, 1.1360428929328918, 1.6585253477096558, 1.0894559025764465, 1.719934105873108, 1.1077592074871063]",12,"[0.9523809523809523, 0.015873015873015872, 0.007936507936507936, 0.9761904761904762, 0.015873015873015872, 0.9920634920634921, 0.023809523809523808, 0.9603174603174603]","[0.9550827423167849, 0.9777777777777777, 0.9796690307328605, 0.983451536643026, 0.9782505910165484, 0.9825059101654846, 0.9801418439716312, 0.983451536643026]",0.4930555555555555,0.9775413711583925,0.9791962174940898
27,8,9,"[1.1407915353775024, 1.1112813353538513, 1.7091638445854187, 1.7049733996391296, 1.148461937904358, 1.122817575931549, 1.1449554562568665, 1.1023342907428741, 1.6792501211166382]",11,"[0.9761904761904762, 0.9841269841269841, 0.015873015873015872, 0.023809523809523808, 0.9761904761904762, 0.9920634920634921, 0.9682539682539683, 0.9920634920634921, 0.031746031746031744]","[0.9829787234042553, 0.9829787234042553, 0.9777777777777777, 0.9787234042553191, 0.984869976359338, 0.9829787234042553, 0.984869976359338, 0.983451536643026, 0.9754137115839243]",0.6622574955908288,0.981560283687943,0.9839243498817967
28,8,11,"[1.1634599268436432, 1.108075499534607, 1.161483258008957, 1.0748894214630127, 1.0839228928089142, 1.1616594195365906, 1.0954493582248688, 1.6957056820392609, 1.7130500078201294, 1.1262642443180084, 1.1279219686985016]",8,"[0.9761904761904762, 0.9603174603174603, 0.9920634920634921, 0.9920634920634921, 0.9682539682539683, 0.9761904761904762, 0.9920634920634921, 0.03968253968253968, 0.007936507936507936, 0.9841269841269841, 0.9761904761904762]","[0.9754137115839243, 0.9843971631205674, 0.9820330969267139, 0.9853427895981087, 0.9867612293144208, 0.9872340425531915, 0.9862884160756501, 0.9810874704491725, 0.9825059101654846, 0.9867612293144208, 0.9867612293144208]",0.8059163059163059,0.984053298946916,0.9862884160756501
29,9,8,"[1.7372724115848541, 1.1065137684345245, 1.6786721348762512, 1.7521082162857056, 1.7438266277313232, 1.1226468086242676, 1.1114228665828705, 1.7341250479221344]",9,"[0.023809523809523808, 0.9841269841269841, 0.03968253968253968, 0.015873015873015872, 0.007936507936507936, 1.0, 0.9603174603174603, 0.015873015873015872]","[0.9749408983451536, 0.983451536643026, 0.9763593380614657, 0.984869976359338, 0.984869976359338, 0.9891252955082742, 0.9900709219858156, 0.9843971631205674]",0.38095238095238093,0.9835106382978723,0.984869976359338
30,9,10,"[1.1001427471637726, 1.7719031870365143, 1.7289665937423706, 1.7472030222415924, 1.0977755784988403, 1.1170622110366821, 1.095904380083084, 1.1074293553829193, 1.100095957517624, 1.1261515617370605]",8,"[0.9920634920634921, 0.031746031746031744, 0.007936507936507936, 0.023809523809523808, 0.9841269841269841, 0.9761904761904762, 0.9920634920634921, 0.9841269841269841, 0.9682539682539683, 0.9841269841269841]","[0.9825059101654846, 0.9862884160756501, 0.9858156028368794, 0.983451536643026, 0.9867612293144208, 0.9867612293144208, 0.9867612293144208, 0.9858156028368794, 0.9858156028368794, 0.9881796690307328]",0.6944444444444444,0.9858156028368796,0.9867612293144208
31,9,9,"[1.0925337672233582, 1.1229977905750275, 1.1067931652069092, 1.0778146088123322, 1.7109478116035461, 1.1117012798786163, 1.061652809381485, 1.0896903276443481, 1.0967161059379578]",8,"[0.9761904761904762, 0.9920634920634921, 0.9841269841269841, 0.9841269841269841, 0.015873015873015872, 1.0, 0.9920634920634921, 0.9920634920634921, 1.0]","[0.9843971631205674, 0.9773049645390071, 0.9900709219858156, 0.9877068557919622, 0.9867612293144208, 0.9891252955082742, 0.9877068557919622, 0.9877068557919622, 0.9886524822695035]",0.8818342151675486,0.9866036249014972,0.9881796690307328
32,9,6,"[1.1082358956336975, 1.0914645195007324, 1.7200398743152618, 1.002602368593216, 1.7728886008262634, 1.0685708224773407]",11,"[0.9841269841269841, 0.9841269841269841, 0.007936507936507936, 0.9920634920634921, 0.007936507936507936, 0.9841269841269841]","[0.9820330969267139, 0.9905437352245863, 0.9886524822695035, 0.9877068557919622, 0.9886524822695035, 0.991016548463357]",0.6600529100529101,0.9881008668242709,0.9891252955082742
33,7,5,"[1.1201025247573853, 1.0711637437343597, 1.0549695789813995, 1.0708999931812286, 1.7376396358013153]",13,"[1.0, 0.9761904761904762, 1.0, 0.9841269841269841, 0.015873015873015872]","[0.9867612293144208, 0.9900709219858156, 0.9900709219858156, 0.9900709219858156, 0.9872340425531915]",0.7952380952380953,0.9888416075650117,0.9900709219858156
34,9,10,"[1.1251342594623566, 1.079006165266037, 1.070992350578308, 1.0662304162979126, 1.8117399215698242, 1.7879782915115356, 1.0368985831737518, 1.0736620724201202, 1.785047173500061, 1.0443790256977081]",12,"[0.9920634920634921, 0.9841269841269841, 1.0, 0.9920634920634921, 0.007936507936507936, 0.007936507936507936, 0.9841269841269841, 0.9603174603174603, 0.031746031746031744, 0.9841269841269841]","[0.9773049645390071, 0.9872340425531915, 0.9895981087470449, 0.9905437352245863, 0.9895981087470449, 0.9905437352245863, 0.9919621749408983, 0.9919621749408983, 0.9895981087470449, 0.9919621749408983]",0.6944444444444444,0.98903073286052,0.9905437352245863
35,6,6,"[1.082413375377655, 1.046960324048996, 1.0827631950378418, 1.76795095205307, 1.0390485227108002, 1.745375007390976]",12,"[1.0, 1.0, 0.9841269841269841, 0.023809523809523808, 0.9761904761904762, 0.007936507936507936]","[0.9919621749408983, 0.9914893617021276, 0.9919621749408983, 0.9905437352245863, 0.9914893617021276, 0.9905437352245863]",0.6653439153439153,0.9913317572892041,0.9919621749408983
36,10,11,"[1.081684648990631, 1.7252223193645477, 1.115031749010086, 1.0549864172935486, 1.7466518878936768, 1.0182780623435974, 1.7819167077541351, 1.0439147651195526, 1.063974380493164, 1.0459712147712708, 1.0611041486263275]",11,"[0.9920634920634921, 0.031746031746031744, 0.9920634920634921, 0.9920634920634921, 0.007936507936507936, 1.0, 0.007936507936507936, 0.9920634920634921, 1.0, 0.9841269841269841, 0.9920634920634921]","[0.9886524822695035, 0.984869976359338, 0.9877068557919622, 0.9900709219858156, 0.9905437352245863, 0.9919621749408983, 0.991016548463357, 0.9919621749408983, 0.992434988179669, 0.992434988179669, 0.9929078014184397]",0.7265512265512265,0.990414786159467,0.9900709219858156
37,8,5,"[1.0607023239135742, 1.0600453913211823, 1.0406512022018433, 1.0519621968269348, 1.7796045243740082]",14,"[0.9682539682539683, 0.9841269841269841, 0.9682539682539683, 0.9920634920634921, 0.031746031746031744]","[0.9891252955082742, 0.991016548463357, 0.991016548463357, 0.9905437352245863, 0.9881796690307328]",0.7888888888888889,0.9899763593380614,0.991016548463357
38,9,10,"[1.7869989573955536, 1.8111833930015564, 1.0474450588226318, 1.057859182357788, 1.0154385715723038, 1.8029050529003143, 1.0348902642726898, 1.052926927804947, 1.0360691249370575, 1.0470990538597107]",13,"[0.007936507936507936, 0.031746031746031744, 0.9920634920634921, 1.0, 1.0, 0.023809523809523808, 0.9841269841269841, 0.9920634920634921, 0.9603174603174603, 0.9761904761904762]","[0.9895981087470449, 0.9905437352245863, 0.9919621749408983, 0.992434988179669, 0.9929078014184397, 0.9905437352245863, 0.9919621749408983, 0.992434988179669, 0.9919621749408983, 0.9929078014184397]",0.6968253968253968,0.991725768321513,0.992434988179669
39,9,7,"[1.0861310064792633, 1.8244105279445648, 1.0184645354747772, 1.876772701740265, 1.0118580907583237, 1.00895494222641, 1.0422894358634949]",15,"[0.9841269841269841, 0.023809523809523808, 0.9603174603174603, 0.007936507936507936, 0.9841269841269841, 0.9920634920634921, 0.9761904761904762]","[0.9905437352245863, 0.9905437352245863, 0.9938534278959811, 0.9914893617021276, 0.9919621749408983, 0.992434988179669, 0.9933806146572104]",0.7040816326530612,0.9920297196892942,0.9933806146572104
40,8,12,"[1.077991396188736, 1.7518562972545624, 1.015735611319542, 1.016844481229782, 1.0086026787757874, 0.9810966998338699, 0.9950685203075409, 1.0333844125270844, 1.00162173807621, 1.894363284111023, 1.014882504940033, 1.8154621720314026]",11,"[1.0, 0.031746031746031744, 0.9920634920634921, 0.9920634920634921, 0.9841269841269841, 0.9841269841269841, 0.9920634920634921, 0.9761904761904762, 0.9920634920634921, 0.007936507936507936, 0.9920634920634921, 0.023809523809523808]","[0.9872340425531915, 0.9881796690307328, 0.9933806146572104, 0.9933806146572104, 0.9938534278959811, 0.9943262411347518, 0.9933806146572104, 0.9943262411347518, 0.9943262411347518, 0.9933806146572104, 0.9943262411347518, 0.9929078014184397]",0.7473544973544973,0.9927501970055164,0.9933806146572104
41,10,8,"[1.0562121272087097, 1.0059066116809845, 1.8550053536891937, 1.8699511289596558, 0.9975634664297104, 0.9954275190830231, 1.0311982333660126, 1.8425089716911316]",13,"[0.9920634920634921, 0.9761904761904762, 0.0, 0.0, 0.9682539682539683, 0.9920634920634921, 0.9841269841269841, 0.0]","[0.9933806146572104, 0.992434988179669, 0.9929078014184397, 0.9933806146572104, 0.9933806146572104, 0.9943262411347518, 0.9943262411347518, 0.9933806146572104]",0.6140873015873016,0.9934397163120567,0.9933806146572104
42,9,10,"[1.7962427735328674, 1.8524473309516907, 1.8156284987926483, 1.0356040596961975, 1.8556634187698364, 1.8394181728363037, 1.0447240471839905, 1.0136967599391937, 1.0071955025196075, 1.040806919336319]",12,"[0.023809523809523808, 0.015873015873015872, 0.015873015873015872, 0.9761904761904762, 0.007936507936507936, 0.015873015873015872, 1.0, 0.9920634920634921, 1.0, 0.9920634920634921]","[0.991016548463357, 0.991016548463357, 0.9891252955082742, 0.9947990543735225, 0.992434988179669, 0.992434988179669, 0.9947990543735225, 0.9938534278959811, 0.9938534278959811, 0.9943262411347518]",0.503968253968254,0.9927659574468086,0.9929078014184397
43,8,8,"[1.0383301377296448, 1.0728443562984467, 1.042603999376297, 1.0311275720596313, 1.0192077904939651, 0.9927158206701279, 1.014679729938507, 1.0398392379283905]",12,"[0.9841269841269841, 1.0, 0.9920634920634921, 0.9920634920634921, 0.9920634920634921, 0.9920634920634921, 0.9841269841269841, 1.0]","[0.9919621749408983, 0.991016548463357, 0.9947990543735225, 0.9943262411347518, 0.9938534278959811, 0.9933806146572104, 0.9919621749408983, 0.9938534278959811]",0.9920634920634921,0.9931442080378251,0.9938534278959811
44,9,8,"[1.0984801948070526, 1.0779652893543243, 1.872534155845642, 0.9928252100944519, 1.8936850428581238, 1.9057725667953491, 1.84266597032547, 1.853671282529831]",13,"[0.9841269841269841, 0.9841269841269841, 0.031746031746031744, 0.9920634920634921, 0.015873015873015872, 0.015873015873015872, 0.007936507936507936, 0.007936507936507936]","[0.9919621749408983, 0.9905437352245863, 0.992434988179669, 0.9943262411347518, 0.9947990543735225, 0.9943262411347518, 0.992434988179669, 0.9929078014184397]",0.37996031746031744,0.992966903073286,0.9938534278959811
45,9,11,"[1.0439924597740173, 1.0148930251598358, 1.0507557690143585, 1.8498766720294952, 1.0625224113464355, 1.0022749304771423, 1.8647389709949493, 1.0628866255283356, 1.0203777849674225, 1.0147294253110886, 1.0527661740779877]",11,"[0.9682539682539683, 0.9920634920634921, 1.0, 0.007936507936507936, 0.9841269841269841, 0.9841269841269841, 0.015873015873015872, 1.0, 0.9920634920634921, 0.9920634920634921, 0.9841269841269841]","[0.9919621749408983, 0.9943262411347518, 0.9947990543735225, 0.9947990543735225, 0.9952718676122931, 0.9947990543735225, 0.9943262411347518, 0.9947990543735225, 0.9943262411347518, 0.9938534278959811, 0.9947990543735225]",0.810966810966811,0.9943692241564581,0.9947990543735225
46,9,11,"[0.995935782790184, 0.9993076324462891, 0.9991198182106018, 1.829894244670868, 1.8945281505584717, 1.0310004353523254, 1.0101547688245773, 1.0161187052726746, 1.0273776054382324, 1.8507874310016632, 1.0194525569677353]",9,"[0.9920634920634921, 0.9920634920634921, 0.9920634920634921, 0.0, 0.0, 1.0, 0.9841269841269841, 0.9920634920634921, 1.0, 0.007936507936507936, 1.0]","[0.9933806146572104, 0.9929078014184397, 0.9952718676122931, 0.9947990543735225, 0.9947990543735225, 0.9952718676122931, 0.9952718676122931, 0.9957446808510638, 0.9957446808510638, 0.9947990543735225, 0.9947990543735225]",0.7236652236652237,0.9947990543735226,0.9952718676122931
47,9,7,"[1.8453947305679321, 0.9754355847835541, 1.0046143680810928, 0.9594664126634598, 0.9912018924951553, 0.9883521199226379, 0.9653296321630478]",11,"[0.023809523809523808, 0.9920634920634921, 0.9761904761904762, 1.0, 1.0, 1.0, 0.9841269841269841]","[0.9933806146572104, 0.9957446808510638, 0.9957446808510638, 0.9957446808510638, 0.9957446808510638, 0.9957446808510638, 0.9957446808510638]",0.8537414965986395,0.9954069571090847,0.9957446808510638
48,8,7,"[0.9844575524330139, 1.0181629061698914, 0.9980376809835434, 1.9661459624767303, 0.9863072782754898, 0.958118125796318, 0.9421070069074631]",12,"[1.0, 0.9841269841269841, 0.9841269841269841, 0.007936507936507936, 0.9920634920634921, 0.9841269841269841, 1.0]","[0.9933806146572104, 0.9938534278959811, 0.9957446808510638, 0.9957446808510638, 0.9957446808510638, 0.9957446808510638, 0.9957446808510638]",0.8503401360544218,0.9951367781155015,0.9957446808510638
49,9,10,"[1.8519765436649323, 0.9817311018705368, 0.978113055229187, 0.9585406929254532, 0.9378574788570404, 0.9588062912225723, 1.981412649154663, 0.9572860598564148, 0.9870440661907196, 1.9909442067146301]",11,"[0.023809523809523808, 0.9841269841269841, 1.0, 1.0, 0.9920634920634921, 0.9920634920634921, 0.007936507936507936, 0.9920634920634921, 0.9761904761904762, 0.007936507936507936]","[0.9919621749408983, 0.9957446808510638, 0.9957446808510638, 0.9957446808510638, 0.9957446808510638, 0.9957446808510638, 0.9957446808510638, 0.9957446808510638, 0.9957446808510638, 0.9957446808510638]",0.6976190476190476,0.9953664302600475,0.9957446808510638
50,8,9,"[1.030664637684822, 1.033076137304306, 0.973311185836792, 1.962786704301834, 0.938422828912735, 0.9437133818864822, 0.9439574033021927, 0.9699532389640808, 1.9257951974868774]",10,"[0.9920634920634921, 0.9682539682539683, 1.0, 0.0, 1.0, 1.0, 1.0, 1.0, 0.007936507936507936]","[0.9929078014184397, 0.9952718676122931, 0.9957446808510638, 0.9957446808510638, 0.9957446808510638, 0.9957446808510638, 0.9957446808510638, 0.9957446808510638, 0.9957446808510638]",0.7742504409171076,0.9953769372209087,0.9957446808510638
51,9,7,"[0.9661739468574524, 1.9773361384868622, 0.9343964010477066, 2.0160295367240906, 0.9210909157991409, 0.9299857467412949, 1.9791288375854492]",12,"[0.9841269841269841, 0.0, 1.0, 0.007936507936507936, 0.9920634920634921, 0.9920634920634921, 0.0]","[0.9957446808510638, 0.9957446808510638, 0.9962174940898345, 0.9957446808510638, 0.9957446808510638, 0.9957446808510638, 0.9957446808510638]",0.5680272108843537,0.9958122255994596,0.9957446808510638
52,10,8,"[0.9930700361728668, 0.9440899938344955, 0.9223511517047882, 0.9136254787445068, 0.904838964343071, 1.97231063246727, 0.9277683794498444, 0.9259294122457504]",14,"[0.9920634920634921, 1.0, 1.0, 0.9920634920634921, 1.0, 0.007936507936507936, 0.9920634920634921, 1.0]","[0.9933806146572104, 0.9957446808510638, 0.9962174940898345, 0.9957446808510638, 0.9957446808510638, 0.9957446808510638, 0.9971631205673759, 0.9962174940898345]",0.873015873015873,0.9957446808510638,0.9957446808510638
53,8,8,"[1.0125120282173157, 0.9623788595199585, 0.9488756954669952, 0.9087217599153519, 0.9099344909191132, 0.9127928912639618, 1.9881037175655365, 2.0489331483840942]",14,"[0.9841269841269841, 0.9920634920634921, 0.9920634920634921, 0.9920634920634921, 0.9920634920634921, 0.9682539682539683, 0.0, 0.0]","[0.9943262411347518, 0.992434988179669, 0.9962174940898345, 0.9971631205673759, 0.9971631205673759, 0.9971631205673759, 0.9957446808510638, 0.9957446808510638]",0.7400793650793651,0.9957446808510638,0.9971631205673759
54,7,8,"[0.935002937912941, 1.997204452753067, 0.8905972093343735, 0.8744261264801025, 0.9023784548044205, 2.026015877723694, 0.8883799463510513, 0.8979565501213074]",13,"[1.0, 0.007936507936507936, 1.0, 1.0, 1.0, 0.023809523809523808, 0.9920634920634921, 0.9920634920634921]","[0.9962174940898345, 0.9957446808510638, 0.9971631205673759, 0.9971631205673759, 0.9971631205673759, 0.9966903073286052, 0.9971631205673759, 0.9971631205673759]",0.751984126984127,0.996808510638298,0.9971631205673759
55,10,12,"[0.9782644957304001, 0.9437821358442307, 0.9661848545074463, 0.9073764234781265, 2.082437813282013, 2.1368154287338257, 2.0578938722610474, 0.8602405786514282, 0.8899629414081573, 2.0677271485328674, 0.8803343176841736, 0.870414063334465]",11,"[0.9841269841269841, 0.9920634920634921, 1.0, 0.9920634920634921, 0.0, 0.0, 0.007936507936507936, 1.0, 0.9920634920634921, 0.0, 1.0, 1.0]","[0.9957446808510638, 0.9957446808510638, 0.9957446808510638, 0.9976359338061466, 0.9971631205673759, 0.9971631205673759, 0.9966903073286052, 0.9971631205673759, 0.9971631205673759, 0.9971631205673759, 0.9971631205673759, 0.9971631205673759]",0.6640211640211641,0.9968085106382977,0.9971631205673759
56,9,9,"[0.9865090399980545, 1.0000940561294556, 2.01289701461792, 2.0289708375930786, 0.9254954755306244, 0.9353330582380295, 0.8911100327968597, 0.9077366292476654, 2.078597605228424]",11,"[0.9841269841269841, 0.9841269841269841, 0.007936507936507936, 0.0, 0.9920634920634921, 1.0, 1.0, 0.9920634920634921, 0.015873015873015872]","[0.9957446808510638, 0.9957446808510638, 0.9962174940898345, 0.9966903073286052, 0.9971631205673759, 0.9971631205673759, 0.9971631205673759, 0.9971631205673759, 0.9971631205673759]",0.6640211640211641,0.9966903073286052,0.9966903073286052
57,9,9,"[0.9400596767663956, 0.9193962067365646, 0.9175682812929153, 0.9248510003089905, 0.9363277703523636, 1.997903287410736, 2.045571029186249, 0.9515687674283981, 2.060454308986664]",11,"[0.9920634920634921, 1.0, 0.9920634920634921, 1.0, 1.0, 0.007936507936507936, 0.015873015873015872, 1.0, 0.015873015873015872]","[0.9957446808510638, 0.9966903073286052, 0.9966903073286052, 0.9971631205673759, 0.9971631205673759, 0.9971631205673759, 0.9966903073286052, 0.9971631205673759, 0.9957446808510638]",0.6693121693121693,0.9966903073286054,0.9971631205673759
58,8,8,"[2.0099236965179443, 0.9105735272169113, 0.8976339846849442, 0.9119841605424881, 2.0220102071762085, 1.991471141576767, 2.094397783279419, 0.9074598401784897]",11,"[0.023809523809523808, 0.9841269841269841, 1.0, 0.9920634920634921, 0.007936507936507936, 0.007936507936507936, 0.0, 0.9920634920634921]","[0.9971631205673759, 0.9971631205673759, 0.9971631205673759, 0.9971631205673759, 0.9971631205673759, 0.9971631205673759, 0.9971631205673759, 0.9971631205673759]",0.5009920634920635,0.997163120567376,0.9971631205673759
59,9,8,"[0.966137707233429, 0.9175097048282623, 0.8812954723834991, 0.9390216320753098, 0.9067457616329193, 2.0169587433338165, 0.8928815126419067, 2.0544345378875732]",12,"[0.9841269841269841, 0.9920634920634921, 1.0, 0.9841269841269841, 0.9761904761904762, 0.0, 1.0, 0.007936507936507936]","[0.9957446808510638, 0.9971631205673759, 0.9971631205673759, 0.9971631205673759, 0.9971631205673759, 0.9971631205673759, 0.9971631205673759, 0.9971631205673759]",0.7430555555555556,0.996985815602837,0.9971631205673759
60,8,11,"[0.9315651804208755, 0.933024451136589, 0.9012890160083771, 2.0041128993034363, 2.094286024570465, 0.8920418322086334, 0.9063471257686615, 2.0558906197547913, 2.050305426120758, 2.050387978553772, 0.9069617837667465]",9,"[1.0, 1.0, 0.9920634920634921, 0.0, 0.015873015873015872, 1.0, 1.0, 0.015873015873015872, 0.0, 0.0, 0.9920634920634921]","[0.9957446808510638, 0.9957446808510638, 0.9966903073286052, 0.9971631205673759, 0.9971631205673759, 0.9971631205673759, 0.9971631205673759, 0.9971631205673759, 0.9971631205673759, 0.9971631205673759, 0.9971631205673759]",0.5468975468975469,0.9968622394154308,0.9971631205673759
61,10,9,"[0.8859618902206421, 2.0402866899967194, 0.9039099216461182, 2.0852795839309692, 0.9049410223960876, 0.9130115509033203, 2.0693768858909607, 0.9173693358898163, 0.8989696651697159]",10,"[1.0, 0.0, 1.0, 0.015873015873015872, 0.9761904761904762, 0.9920634920634921, 0.0, 0.9841269841269841, 1.0]","[0.9971631205673759, 0.9971631205673759, 0.9971631205673759, 0.9971631205673759, 0.9971631205673759, 0.9971631205673759, 0.9971631205673759, 0.9971631205673759, 0.9971631205673759]",0.6631393298059964,0.997163120567376,0.9971631205673759
62,9,10,"[0.9070046693086624, 2.0568941235542297, 2.039607524871826, 2.1226102709770203, 2.054805040359497, 2.0326716601848602, 0.8879034370183945, 2.0307397842407227, 0.8876076638698578, 0.9214658290147781]",9,"[1.0, 0.0, 0.023809523809523808, 0.007936507936507936, 0.0, 0.015873015873015872, 0.9920634920634921, 0.007936507936507936, 1.0, 0.9841269841269841]","[0.9971631205673759, 0.9971631205673759, 0.9971631205673759, 0.9971631205673759, 0.9971631205673759, 0.9971631205673759, 0.9971631205673759, 0.9971631205673759, 0.9971631205673759, 0.9971631205673759]",0.4031746031746032,0.9971631205673759,0.9971631205673759
63,9,11,"[0.900556281208992, 0.9012347608804703, 0.9101963490247726, 0.9020461142063141, 0.9202141761779785, 0.895107164978981, 0.8978298753499985, 0.9147722274065018, 1.9819702804088593, 0.9269647300243378, 0.9199168086051941]",7,"[0.9920634920634921, 0.9920634920634921, 1.0, 0.9920634920634921, 1.0, 1.0, 1.0, 1.0, 0.0, 0.9920634920634921, 0.9920634920634921]","[0.9971631205673759, 0.9971631205673759, 0.9971631205673759, 0.9971631205673759, 0.9971631205673759, 0.9971631205673759, 0.9971631205673759, 0.9971631205673759, 0.9971631205673759, 0.9971631205673759, 0.9971631205673759]",0.9054834054834054,0.9971631205673759,0.9971631205673759
64,10,10,"[0.9519456475973129, 0.9163129031658173, 0.9306575208902359, 0.8977726995944977, 0.888554722070694, 2.1221256256103516, 0.8788226544857025, 0.8950078934431076, 0.9217359125614166, 0.8870660811662674]",7,"[0.9841269841269841, 0.9920634920634921, 1.0, 0.9841269841269841, 0.9920634920634921, 0.0, 1.0, 0.9920634920634921, 0.9841269841269841, 0.9920634920634921]","[0.9971631205673759, 0.9971631205673759, 0.9971631205673759, 0.9971631205673759, 0.9971631205673759, 0.9971631205673759, 0.9971631205673759, 0.9976359338061466, 0.9971631205673759, 0.9971631205673759]",0.8920634920634921,0.997210401891253,0.9971631205673759
65,10,7,"[0.8796135783195496, 0.881616547703743, 0.8794378638267517, 0.8695069253444672, 0.8684828281402588, 0.888461634516716, 2.1428054571151733]",10,"[1.0, 0.9841269841269841, 0.9920634920634921, 0.9920634920634921, 0.9920634920634921, 1.0, 0.015873015873015872]","[0.9976359338061466, 0.9971631205673759, 0.9976359338061466, 0.9971631205673759, 0.9976359338061466, 0.9971631205673759, 0.9971631205673759]",0.8537414965986395,0.9973657548125635,0.9971631205673759
66,10,7,"[0.9283086806535721, 0.808298647403717, 0.8745642602443695, 0.8600283712148666, 0.8391875624656677, 0.8658089935779572, 0.8922322690486908]",13,"[0.9841269841269841, 1.0, 1.0, 1.0, 1.0, 0.9920634920634921, 0.9841269841269841]","[0.9976359338061466, 0.9971631205673759, 0.9976359338061466, 0.9976359338061466, 0.9976359338061466, 0.9976359338061466, 0.9976359338061466]",0.9943310657596373,0.9975683890577508,0.9976359338061466
67,8,8,"[0.9119082242250443, 0.8647714108228683, 0.8595496267080307, 0.823937326669693, 0.8468403518199921, 0.8996850997209549, 2.1266411542892456, 0.8578805029392242]",13,"[1.0, 0.9920634920634921, 1.0, 1.0, 1.0, 1.0, 0.0, 0.9920634920634921]","[0.9971631205673759, 0.9971631205673759, 0.9976359338061466, 0.9976359338061466, 0.9976359338061466, 0.9976359338061466, 0.9976359338061466, 0.9976359338061466]",0.873015873015873,0.997517730496454,0.9976359338061466
68,8,10,"[0.9026320725679398, 0.8651705682277679, 0.836658164858818, 2.0941661596298218, 0.7857329100370407, 0.8372337520122528, 0.8310445994138718, 0.8640026897192001, 0.8128144145011902, 2.1698301434516907]",11,"[1.0, 1.0, 0.9841269841269841, 0.015873015873015872, 1.0, 1.0, 0.9920634920634921, 0.9920634920634921, 1.0, 0.015873015873015872]","[0.9971631205673759, 0.9971631205673759, 0.9981087470449173, 0.9976359338061466, 0.9976359338061466, 0.9976359338061466, 0.9976359338061466, 0.9976359338061466, 0.9976359338061466, 0.9976359338061466]",0.8,0.9975886524822695,0.9976359338061466
69,10,9,"[0.8799701780080795, 0.8635475635528564, 0.8610515594482422, 0.8178210407495499, 0.8257666975259781, 0.8201279938220978, 0.8306623250246048, 0.8238980919122696, 0.7960025072097778]",12,"[0.9920634920634921, 1.0, 0.9761904761904762, 0.9920634920634921, 1.0, 1.0, 0.9920634920634921, 1.0, 1.0]","[0.9971631205673759, 0.9971631205673759, 0.9976359338061466, 0.9976359338061466, 0.9976359338061466, 0.9976359338061466, 0.9981087470449173, 0.9976359338061466, 0.9976359338061466]",0.9947089947089948,0.9975833990018388,0.9976359338061466
70,9,8,"[0.8031052649021149, 0.8121975362300873, 2.197670817375183, 2.2063835859298706, 0.8003951907157898, 0.8171400427818298, 2.1925806403160095, 0.8049769103527069]",13,"[0.9920634920634921, 1.0, 0.007936507936507936, 0.015873015873015872, 0.9761904761904762, 1.0, 0.015873015873015872, 1.0]","[0.9981087470449173, 0.9981087470449173, 0.9976359338061466, 0.9976359338061466, 0.9981087470449173, 0.9981087470449173, 0.9976359338061466, 0.9976359338061466]",0.6259920634920635,0.9978723404255319,0.9981087470449173
71,10,11,"[0.8866084218025208, 0.8709838390350342, 2.1780207753181458, 2.218354046344757, 0.8083454519510269, 2.201345682144165, 0.799254909157753, 0.7893536537885666, 0.819261908531189, 0.8252729922533035, 2.223898708820343]",12,"[1.0, 0.9841269841269841, 0.015873015873015872, 0.0, 0.9761904761904762, 0.0, 1.0, 0.9920634920634921, 0.9920634920634921, 0.9920634920634921, 0.0]","[0.9971631205673759, 0.9976359338061466, 0.9976359338061466, 0.9976359338061466, 0.9981087470449173, 0.9981087470449173, 0.9981087470449173, 0.9981087470449173, 0.9981087470449173, 0.9981087470449173, 0.9981087470449173]",0.6320346320346321,0.9978938319363849,0.9976359338061466
72,7,6,"[0.9119780361652374, 0.8559244573116302, 2.2007800936698914, 0.8232437819242477, 0.831919401884079, 0.8206264972686768]",13,"[0.9920634920634921, 0.9920634920634921, 0.0, 1.0, 0.9841269841269841, 1.0]","[0.9971631205673759, 0.9981087470449173, 0.9976359338061466, 0.9981087470449173, 0.9976359338061466, 0.9981087470449173]",0.828042328042328,0.9977935382190702,0.9981087470449173
73,6,4,"[2.029975026845932, 2.2561360001564026, 0.7993085086345673, 0.8135999590158463]",15,"[0.007936507936507936, 0.0, 1.0, 1.0]","[0.9971631205673759, 0.9981087470449173, 0.9981087470449173, 0.9981087470449173]",0.501984126984127,0.997872340425532,0.9976359338061466
74,10,10,"[2.0366721153259277, 2.0919551253318787, 0.824630007147789, 0.8288751542568207, 0.8256434947252274, 0.8324793875217438, 0.8370591104030609, 2.1794286966323853, 2.1576456427574158, 2.149700105190277]",15,"[0.0, 0.007936507936507936, 0.9841269841269841, 0.9920634920634921, 0.9920634920634921, 1.0, 1.0, 0.0, 0.007936507936507936, 0.0]","[0.9971631205673759, 0.9981087470449173, 0.9981087470449173, 0.9976359338061466, 0.9976359338061466, 0.9976359338061466, 0.9981087470449173, 0.9976359338061466, 0.9981087470449173, 0.9976359338061466]",0.4984126984126984,0.9977777777777778,0.9981087470449173
75,10,11,"[0.8830215334892273, 2.233309268951416, 0.8333956003189087, 0.8487067520618439, 2.1318584084510803, 0.8368589580059052, 2.089808762073517, 2.194781541824341, 2.1486828923225403, 0.8298939317464828, 0.8330873399972916]",14,"[1.0, 0.015873015873015872, 1.0, 0.9841269841269841, 0.0, 1.0, 0.007936507936507936, 0.0, 0.0, 1.0, 1.0]","[0.9976359338061466, 0.9981087470449173, 0.9981087470449173, 0.9976359338061466, 0.9981087470449173, 0.9981087470449173, 0.9981087470449173, 0.9981087470449173, 0.9981087470449173, 0.9976359338061466, 0.9976359338061466]",0.5461760461760462,0.9979368149580913,0.9981087470449173
76,8,9,"[2.194939434528351, 0.8612516224384308, 0.7926613688468933, 2.1970750093460083, 0.8110189288854599, 0.8218902498483658, 2.1596055030822754, 0.8211706280708313, 2.1429132223129272]",13,"[0.0, 0.9920634920634921, 0.9920634920634921, 0.015873015873015872, 0.9920634920634921, 1.0, 0.0, 1.0, 0.007936507936507936]","[0.9976359338061466, 0.9976359338061466, 0.9981087470449173, 0.9976359338061466, 0.9981087470449173, 0.9981087470449173, 0.9981087470449173, 0.9976359338061466, 0.9976359338061466]",0.5555555555555556,0.997846073023378,0.9976359338061466
77,9,14,"[0.840288981795311, 0.8298209607601166, 2.1605045795440674, 0.8480268716812134, 0.8146932125091553, 0.8284949064254761, 2.078476130962372, 2.0891258120536804, 0.8453154414892197, 0.8420139253139496, 0.8628510683774948, 2.144501209259033, 2.190104603767395, 0.8479878306388855]",8,"[0.9920634920634921, 1.0, 0.0, 0.9920634920634921, 1.0, 1.0, 0.007936507936507936, 0.015873015873015872, 0.9920634920634921, 0.9920634920634921, 1.0, 0.007936507936507936, 0.015873015873015872, 0.9920634920634921]","[0.9981087470449173, 0.9981087470449173, 0.9976359338061466, 0.9981087470449173, 0.9981087470449173, 0.9976359338061466, 0.9981087470449173, 0.9976359338061466, 0.9981087470449173, 0.9976359338061466, 0.9981087470449173, 0.9981087470449173, 0.9981087470449173, 0.9981087470449173]",0.6434240362811792,0.9979736575481255,0.9981087470449173
78,10,11,"[0.8193962275981903, 2.2144930958747864, 0.8224962055683136, 2.1737287044525146, 2.1492600440979004, 0.8165485113859177, 0.8138712793588638, 0.8214058578014374, 0.8009903132915497, 0.8301636576652527, 2.148407995700836]",7,"[1.0, 0.015873015873015872, 1.0, 0.0, 0.023809523809523808, 1.0, 1.0, 0.9920634920634921, 1.0, 1.0, 0.007936507936507936]","[0.9981087470449173, 0.9976359338061466, 0.9976359338061466, 0.9981087470449173, 0.9981087470449173, 0.9976359338061466, 0.9981087470449173, 0.9981087470449173, 0.9981087470449173, 0.9981087470449173, 0.9976359338061466]",0.63997113997114,0.9979368149580914,0.9981087470449173
79,9,8,"[0.8353969603776932, 0.8278774172067642, 0.823450893163681, 0.8037069588899612, 0.8101695030927658, 0.8005004227161407, 0.8114936202764511, 2.230358123779297]",8,"[1.0, 1.0, 0.9841269841269841, 0.9920634920634921, 0.9920634920634921, 1.0, 1.0, 0.015873015873015872]","[0.9981087470449173, 0.9981087470449173, 0.9981087470449173, 0.9981087470449173, 0.9981087470449173, 0.9981087470449173, 0.9981087470449173, 0.9981087470449173]",0.873015873015873,0.998108747044917,0.9981087470449173
80,9,9,"[2.2533172369003296, 2.2256945371627808, 2.17960786819458, 0.789109393954277, 0.800570547580719, 0.8070128709077835, 0.7990874499082565, 0.808189794421196, 0.8004568666219711]",8,"[0.015873015873015872, 0.0, 0.007936507936507936, 1.0, 1.0, 0.9920634920634921, 0.9920634920634921, 1.0, 0.9920634920634921]","[0.9981087470449173, 0.9981087470449173, 0.9976359338061466, 0.9981087470449173, 0.9976359338061466, 0.9981087470449173, 0.9981087470449173, 0.9981087470449173, 0.9976359338061466]",0.6666666666666666,0.9979511426319936,0.9981087470449173
81,10,8,"[0.8111478984355927, 2.1479225754737854, 0.7784203886985779, 0.8070714473724365, 0.789890244603157, 0.797488272190094, 0.8065986037254333, 0.7876236587762833]",10,"[1.0, 0.0, 0.9920634920634921, 0.9920634920634921, 1.0, 0.9920634920634921, 1.0, 1.0]","[0.9981087470449173, 0.9976359338061466, 0.9976359338061466, 0.9976359338061466, 0.9981087470449173, 0.9976359338061466, 0.9976359338061466, 0.9976359338061466]",0.8720238095238095,0.9977541371158393,0.9976359338061466
82,9,8,"[0.7927170097827911, 0.7812170386314392, 2.2421920895576477, 2.2708410024642944, 0.7695195078849792, 0.7930308729410172, 2.2399521470069885, 0.7810783833265305]",11,"[1.0, 0.9920634920634921, 0.0, 0.0, 0.9761904761904762, 0.9920634920634921, 0.007936507936507936, 1.0]","[0.9981087470449173, 0.9976359338061466, 0.9976359338061466, 0.9976359338061466, 0.9976359338061466, 0.9981087470449173, 0.9981087470449173, 0.9985815602836879]",0.621031746031746,0.9979314420803782,0.9976359338061466
83,7,6,"[2.1925405859947205, 0.7786451727151871, 0.7782017290592194, 0.8166233003139496, 0.8059600740671158, 0.7709052264690399]",12,"[0.0, 1.0, 1.0, 1.0, 0.9841269841269841, 0.9920634920634921]","[0.9976359338061466, 0.9976359338061466, 0.9976359338061466, 0.9976359338061466, 0.9985815602836879, 0.9976359338061466]",0.8293650793650794,0.9977935382190702,0.9976359338061466
84,9,7,"[2.1927651166915894, 0.8170341998338699, 0.7867868691682816, 2.302533447742462, 0.7939391881227493, 0.78273805975914, 0.7671671360731125]",14,"[0.015873015873015872, 0.9841269841269841, 0.9920634920634921, 0.0, 1.0, 0.9920634920634921, 1.0]","[0.9981087470449173, 0.9976359338061466, 0.9981087470449173, 0.9976359338061466, 0.9976359338061466, 0.9976359338061466, 0.9976359338061466]",0.7120181405895691,0.9977710233029383,0.9976359338061466
85,9,11,"[0.8325235247612, 0.7857088595628738, 0.7542317658662796, 0.756382942199707, 2.3407248854637146, 0.7243459224700928, 0.7673248648643494, 0.7539003044366837, 0.7613377273082733, 2.310519576072693, 2.3105661273002625]",12,"[1.0, 0.9920634920634921, 1.0, 1.0, 0.0, 1.0, 1.0, 1.0, 1.0, 0.007936507936507936, 0.0]","[0.9981087470449173, 0.9985815602836879, 0.9985815602836879, 0.9981087470449173, 0.9976359338061466, 0.9981087470449173, 0.9985815602836879, 0.9985815602836879, 0.9985815602836879, 0.9976359338061466, 0.9976359338061466]",0.7272727272727273,0.99819471308833,0.9981087470449173
86,10,8,"[0.83677077293396, 0.7297764122486115, 2.265222489833832, 0.7618246972560883, 0.7494544386863708, 0.7545218169689178, 0.7596679031848907, 2.3247610330581665]",14,"[0.9841269841269841, 1.0, 0.007936507936507936, 0.9920634920634921, 1.0, 1.0, 1.0, 0.0]","[0.9981087470449173, 0.9976359338061466, 0.9981087470449173, 0.9981087470449173, 0.9976359338061466, 0.9976359338061466, 0.9985815602836879, 0.9985815602836879]",0.748015873015873,0.9980496453900709,0.9976359338061466
87,10,9,"[2.2382036447525024, 2.274610161781311, 0.7848101705312729, 0.7341048866510391, 0.7478101551532745, 2.3572495579719543, 0.7544257044792175, 2.3412965536117554, 2.3302654027938843]",15,"[0.015873015873015872, 0.0, 1.0, 0.9920634920634921, 0.9920634920634921, 0.0, 1.0, 0.0, 0.0]","[0.9981087470449173, 0.9976359338061466, 0.9976359338061466, 0.9985815602836879, 0.9985815602836879, 0.9976359338061466, 0.9985815602836879, 0.9976359338061466, 0.9976359338061466]",0.4444444444444444,0.9980036774363015,0.9976359338061466
88,9,9,"[0.7974688559770584, 0.7683286070823669, 0.7516167163848877, 0.7577185481786728, 0.7655591666698456, 2.3140713572502136, 2.341870069503784, 0.7344592660665512, 0.740568220615387]",15,"[1.0, 1.0, 0.9920634920634921, 1.0, 0.9841269841269841, 0.0, 0.0, 1.0, 0.9920634920634921]","[0.9981087470449173, 0.9985815602836879, 0.9981087470449173, 0.9981087470449173, 0.9976359338061466, 0.9976359338061466, 0.9976359338061466, 0.9985815602836879, 0.9985815602836879]",0.7742504409171076,0.9981087470449174,0.9981087470449173
89,7,8,"[0.8045513480901718, 2.3188239336013794, 0.7438642531633377, 2.3365252017974854, 0.747189849615097, 0.7336245179176331, 0.7269969880580902, 0.7496900111436844]",14,"[1.0, 0.0, 1.0, 0.0, 1.0, 1.0, 1.0, 0.9920634920634921]","[0.9985815602836879, 0.9976359338061466, 0.9985815602836879, 0.9985815602836879, 0.9976359338061466, 0.9985815602836879, 0.9985815602836879, 0.9981087470449173]",0.7490079365079365,0.9982860520094563,0.9981087470449173
90,10,12,"[0.7744493037462234, 2.330686330795288, 0.7484693378210068, 0.7292171120643616, 0.7615067660808563, 0.7518121153116226, 0.7335396856069565, 0.7480916678905487, 0.7342589050531387, 0.7388063222169876, 0.7293981909751892, 0.7382044047117233]",12,"[0.9920634920634921, 0.0, 0.9920634920634921, 1.0, 1.0, 0.9920634920634921, 0.9920634920634921, 1.0, 1.0, 1.0, 1.0, 1.0]","[0.9981087470449173, 0.9976359338061466, 0.9976359338061466, 0.9976359338061466, 0.9985815602836879, 0.9976359338061466, 0.9985815602836879, 0.9976359338061466, 0.9985815602836879, 0.9976359338061466, 0.9985815602836879, 0.9985815602836879]",0.9140211640211641,0.9980693459416862,0.9985815602836879
91,9,11,"[2.220906913280487, 2.248040199279785, 0.7738253474235535, 0.7884919941425323, 0.7479153573513031, 2.367651879787445, 0.7592597603797913, 2.3529393672943115, 0.7418358027935028, 2.311765491962433, 0.7284016609191895]",10,"[0.007936507936507936, 0.0, 1.0, 0.9920634920634921, 0.9841269841269841, 0.0, 1.0, 0.0, 1.0, 0.023809523809523808, 1.0]","[0.9976359338061466, 0.9976359338061466, 0.9976359338061466, 0.9976359338061466, 0.9976359338061466, 0.9976359338061466, 0.9985815602836879, 0.9985815602836879, 0.9985815602836879, 0.9976359338061466, 0.9985815602836879]",0.5461760461760462,0.9979797979797979,0.9976359338061466
92,9,8,"[0.7618357539176941, 0.7266925126314163, 0.7697601020336151, 0.7530633509159088, 2.295190691947937, 0.7127655744552612, 0.7516437768936157, 0.7382078319787979]",11,"[0.9841269841269841, 0.9920634920634921, 1.0, 1.0, 0.007936507936507936, 1.0, 0.9761904761904762, 0.9920634920634921]","[0.9976359338061466, 0.9985815602836879, 0.9981087470449173, 0.9976359338061466, 0.9985815602836879, 0.9981087470449173, 0.9976359338061466, 0.9976359338061466]",0.8690476190476191,0.9979905437352246,0.9976359338061466
93,9,8,"[0.745866671204567, 0.7242291271686554, 2.3828845024108887, 0.7311139404773712, 2.36085706949234, 0.7480442523956299, 0.7371385395526886, 0.7599752843379974]",12,"[0.9920634920634921, 1.0, 0.015873015873015872, 1.0, 0.0, 0.9920634920634921, 1.0, 0.9920634920634921]","[0.9976359338061466, 0.9985815602836879, 0.9976359338061466, 0.9985815602836879, 0.9976359338061466, 0.9976359338061466, 0.9985815602836879, 0.9985815602836879]",0.7490079365079365,0.9981087470449173,0.9985815602836879
94,8,5,"[2.388413965702057, 2.388694941997528, 0.7404572516679764, 2.3639551997184753, 2.3729618787765503]",15,"[0.0, 0.0, 0.9920634920634921, 0.0, 0.007936507936507936]","[0.9985815602836879, 0.9981087470449173, 0.9981087470449173, 0.9985815602836879, 0.9985815602836879]",0.2,0.9983924349881796,0.9985815602836879
95,8,10,"[0.7657676339149475, 0.7479575574398041, 0.7232152223587036, 0.7144777178764343, 0.7398585230112076, 0.729957178235054, 0.7432883232831955, 2.3835843801498413, 2.3517823219299316, 2.349199116230011]",13,"[0.9920634920634921, 0.9920634920634921, 1.0, 1.0, 0.9920634920634921, 1.0, 0.9841269841269841, 0.015873015873015872, 0.015873015873015872, 0.0]","[0.9985815602836879, 0.9976359338061466, 0.9985815602836879, 0.9985815602836879, 0.9985815602836879, 0.9985815602836879, 0.9981087470449173, 0.9985815602836879, 0.9976359338061466, 0.9985815602836879]",0.6992063492063492,0.9983451536643024,0.9985815602836879
96,10,9,"[0.7278651297092438, 2.366312861442566, 0.7249816060066223, 0.7217222303152084, 2.3484607934951782, 0.747058779001236, 0.7157988846302032, 0.7205118238925934, 2.324691593647003]",14,"[0.9920634920634921, 0.007936507936507936, 0.9920634920634921, 1.0, 0.023809523809523808, 1.0, 1.0, 0.9920634920634921, 0.023809523809523808]","[0.9985815602836879, 0.9976359338061466, 0.9985815602836879, 0.9981087470449173, 0.9976359338061466, 0.9985815602836879, 0.9985815602836879, 0.9981087470449173, 0.9981087470449173]",0.6701940035273368,0.9982138166535329,0.9985815602836879
97,9,12,"[2.331015944480896, 2.3846697211265564, 0.7435557395219803, 0.7232017368078232, 0.7410672158002853, 2.380040943622589, 0.7295607030391693, 0.7134284228086472, 0.7081149518489838, 0.7246886491775513, 0.7228085994720459, 0.741735503077507]",11,"[0.0, 0.007936507936507936, 0.9841269841269841, 1.0, 1.0, 0.015873015873015872, 0.9841269841269841, 0.9920634920634921, 1.0, 1.0, 1.0, 0.9920634920634921]","[0.9981087470449173, 0.9985815602836879, 0.9985815602836879, 0.9985815602836879, 0.9976359338061466, 0.9985815602836879, 0.9985815602836879, 0.9976359338061466, 0.9985815602836879, 0.9985815602836879, 0.9985815602836879, 0.9976359338061466]",0.748015873015873,0.9983057525610716,0.9985815602836879
98,9,9,"[0.7523092478513718, 2.4018720984458923, 0.7284412682056427, 0.7088360637426376, 0.7118850350379944, 2.4033448696136475, 0.7199595719575882, 0.7118285745382309, 2.3662062883377075]",11,"[1.0, 0.007936507936507936, 0.9920634920634921, 1.0, 1.0, 0.0, 0.9920634920634921, 1.0, 0.007936507936507936]","[0.9985815602836879, 0.9985815602836879, 0.9985815602836879, 0.9985815602836879, 0.9985815602836879, 0.9985815602836879, 0.9985815602836879, 0.9985815602836879, 0.9976359338061466]",0.6666666666666666,0.998476490675072,0.9985815602836879
99,10,9,"[0.7417960166931152, 2.341683328151703, 0.7012844830751419, 2.459984004497528, 0.7136272490024567, 0.7178881913423538, 0.725083738565445, 2.423724591732025, 0.6882534474134445]",12,"[1.0, 0.0, 0.9841269841269841, 0.007936507936507936, 0.9920634920634921, 0.9841269841269841, 1.0, 0.007936507936507936, 1.0]","[0.9985815602836879, 0.9985815602836879, 0.9985815602836879, 0.9985815602836879, 0.9985815602836879, 0.9985815602836879, 0.9976359338061466, 0.9985815602836879, 0.9985815602836879]",0.6640211640211641,0.9984764906750723,0.9985815602836879
