round,client_req,new_updates,avg_loss,queue_size,client_train_acc,client_test_acc,client_train_acc_avg,client_test_acc_avg,accuracy_score,aggregator_time
0,10,10,"[1.3821812868118286, 1.354437917470932, 1.3813373744487762, 1.3798332810401917, 1.3679785430431366, 1.3735364973545074, 1.379404366016388, 1.385715276002884, 1.3690621852874756, 1.373248040676117]",0,"[0.47619047619047616, 0.6111111111111112, 0.5396825396825397, 0.4444444444444444, 0.49206349206349204, 0.6587301587301587, 0.4523809523809524, 0.3968253968253968, 0.48412698412698413, 0.5079365079365079]","[0.46335697399527187, 0.46335697399527187, 0.46335697399527187, 0.46335697399527187, 0.46335697399527187, 0.46335697399527187, 0.46335697399527187, 0.46335697399527187, 0.46335697399527187, 0.46335697399527187]",0.5063492063492063,0.463356973995272,0.46335697399527187,0.458698034286499
1,10,10,"[1.3543666005134583, 1.4028177559375763, 1.3760762214660645, 1.3925704061985016, 1.3626245856285095, 1.3712710738182068, 1.3921705186367035, 1.3734265863895416, 1.3553926646709442, 1.392934262752533]",0,"[0.46825396825396826, 0.5396825396825397, 0.4444444444444444, 0.5793650793650794, 0.4523809523809524, 0.46825396825396826, 0.5634920634920635, 0.3968253968253968, 0.48412698412698413, 0.5873015873015873]","[0.46335697399527187, 0.46335697399527187, 0.46335697399527187, 0.46335697399527187, 0.46335697399527187, 0.46335697399527187, 0.46335697399527187, 0.46335697399527187, 0.46335697399527187, 0.46335697399527187]",0.4984126984126983,0.463356973995272,0.46335697399527187,0.9012537002563477
2,10,10,"[1.4041050672531128, 1.3581677973270416, 1.3546548783779144, 1.3515031039714813, 1.4063656032085419, 1.3460728824138641, 1.3756957352161407, 1.3442466855049133, 1.4010680615901947, 1.3529028296470642]",0,"[0.5396825396825397, 0.46825396825396826, 0.49206349206349204, 0.48412698412698413, 0.5238095238095238, 0.5079365079365079, 0.36507936507936506, 0.5, 0.5793650793650794, 0.5317460317460317]","[0.46335697399527187, 0.46335697399527187, 0.46335697399527187, 0.46335697399527187, 0.46335697399527187, 0.46335697399527187, 0.46335697399527187, 0.46335697399527187, 0.46335697399527187, 0.46335697399527187]",0.4992063492063492,0.463356973995272,0.46335697399527187,0.9077417850494385
3,10,10,"[1.4066136181354523, 1.3368087410926819, 1.329199731349945, 1.3611838519573212, 1.3530613481998444, 1.337824523448944, 1.4170317351818085, 1.418614238500595, 1.347649246454239, 1.3449302017688751]",0,"[0.6587301587301587, 0.5, 0.49206349206349204, 0.38095238095238093, 0.3968253968253968, 0.48412698412698413, 0.5396825396825397, 0.5317460317460317, 0.47619047619047616, 0.47619047619047616]","[0.46335697399527187, 0.46382978723404256, 0.46382978723404256, 0.4652482269503546, 0.46382978723404256, 0.46382978723404256, 0.46335697399527187, 0.46335697399527187, 0.46382978723404256, 0.46382978723404256]",0.49365079365079356,0.4638297872340426,0.46335697399527187,0.654400110244751
4,10,10,"[1.326539695262909, 1.3486916422843933, 1.337672770023346, 1.4279533326625824, 1.426831841468811, 1.3164430260658264, 1.433203548192978, 1.446025788784027, 1.4250982999801636, 1.318123310804367]",0,"[0.48412698412698413, 0.42857142857142855, 0.46825396825396826, 0.5873015873015873, 0.5634920634920635, 0.5079365079365079, 0.5238095238095238, 0.5238095238095238, 0.5793650793650794, 0.5079365079365079]","[0.4794326241134752, 0.49929078014184397, 0.4907801418439716, 0.46335697399527187, 0.46335697399527187, 0.47423167848699765, 0.46335697399527187, 0.46335697399527187, 0.46335697399527187, 0.4718676122931442]",0.5174603174603174,0.4732387706855793,0.46335697399527187,0.9133377075195312
5,10,10,"[1.3234623670578003, 1.4447267651557922, 1.3365125954151154, 1.2990351021289825, 1.320542424917221, 1.3235353231430054, 1.327819287776947, 1.3411120176315308, 1.3190856277942657, 1.3237890601158142]",0,"[0.5158730158730159, 0.5714285714285714, 0.4603174603174603, 0.6111111111111112, 0.5079365079365079, 0.5476190476190477, 0.5158730158730159, 0.5, 0.5, 0.5396825396825397]","[0.47092198581560285, 0.46335697399527187, 0.49598108747044917, 0.4652482269503546, 0.47470449172576834, 0.4808510638297872, 0.4789598108747045, 0.48936170212765956, 0.4699763593380615, 0.48226950354609927]",0.526984126984127,0.4771631205673759,0.4728132387706856,0.44308972358703613
6,10,10,"[1.3224090337753296, 1.4645127952098846, 1.3065551817417145, 1.3255753815174103, 1.3136518001556396, 1.3261370956897736, 1.321060687303543, 1.3105702698230743, 1.3138917684555054, 1.3083970844745636]",0,"[0.6507936507936508, 0.49206349206349204, 0.5873015873015873, 0.5634920634920635, 0.5317460317460317, 0.5873015873015873, 0.6031746031746031, 0.6349206349206349, 0.5158730158730159, 0.5793650793650794]","[0.6099290780141844, 0.46382978723404256, 0.5659574468085107, 0.6245862884160757, 0.56548463356974, 0.6170212765957447, 0.6037825059101655, 0.5583924349881797, 0.5777777777777777, 0.5820330969267139]",0.5746031746031746,0.5768794326241135,0.5829787234042553,0.44121813774108887
7,10,10,"[1.281635969877243, 1.2839730978012085, 1.4665184915065765, 1.2849683165550232, 1.2875945270061493, 1.2598170936107635, 1.2961493134498596, 1.301344782114029, 1.2819397747516632, 1.2943389415740967]",0,"[0.6904761904761905, 0.6666666666666666, 0.5238095238095238, 0.6904761904761905, 0.6587301587301587, 0.746031746031746, 0.6825396825396826, 0.746031746031746, 0.7222222222222222, 0.7222222222222222]","[0.6921985815602837, 0.6846335697399527, 0.4836879432624113, 0.7021276595744681, 0.7106382978723405, 0.6468085106382979, 0.7144208037825059, 0.7063829787234043, 0.7054373522458629, 0.7030732860520095]",0.6849206349206349,0.6749408983451536,0.6959810874704492,0.4477066993713379
8,10,10,"[1.495379775762558, 1.2599631249904633, 1.2671886086463928, 1.3115690350532532, 1.2914867401123047, 1.2956969439983368, 1.5066957473754883, 1.2938254475593567, 1.4837504029273987, 1.5162492394447327]",0,"[0.42857142857142855, 0.7936507936507936, 0.7936507936507936, 0.7619047619047619, 0.8015873015873016, 0.7698412698412699, 0.40476190476190477, 0.8015873015873016, 0.3888888888888889, 0.4365079365079365]","[0.5796690307328605, 0.7881796690307329, 0.7877068557919622, 0.8189125295508274, 0.8137115839243498, 0.8080378250591016, 0.6042553191489362, 0.8004728132387707, 0.5796690307328605, 0.6]",0.6380952380952382,0.7180614657210401,0.7754137115839244,0.9823899269104004
9,10,10,"[1.2789016962051392, 1.5018304884433746, 1.2579429149627686, 1.5008362531661987, 1.5060264766216278, 1.2563479542732239, 1.2696541845798492, 1.4973040521144867, 1.2642571926116943, 1.270374834537506]",0,"[0.8412698412698413, 0.373015873015873, 0.8333333333333334, 0.3412698412698413, 0.373015873015873, 0.8412698412698413, 0.8650793650793651, 0.3253968253968254, 0.7936507936507936, 0.8888888888888888]","[0.8765957446808511, 0.6737588652482269, 0.8548463356973995, 0.6756501182033097, 0.6921985815602837, 0.8524822695035461, 0.8652482269503546, 0.6940898345153664, 0.8619385342789598, 0.8680851063829788]",0.6476190476190476,0.7914893617021276,0.8382978723404255,1.0927839279174805
10,10,10,"[1.2440102696418762, 1.5412983000278473, 1.251139223575592, 1.2774039208889008, 1.2463977932929993, 1.2498130798339844, 1.5378857553005219, 1.2686189711093903, 1.2335624992847443, 1.2485608160495758]",0,"[0.9126984126984127, 0.20634920634920634, 0.9126984126984127, 0.9126984126984127, 0.8809523809523809, 0.9285714285714286, 0.2777777777777778, 0.8809523809523809, 0.8571428571428571, 0.9047619047619048]","[0.8997635933806146, 0.7721040189125296, 0.8940898345153664, 0.9163120567375886, 0.9026004728132387, 0.8983451536643026, 0.7683215130023641, 0.9068557919621749, 0.893144208037825, 0.8988179669030733]",0.7674603174603175,0.8750354609929077,0.8969267139479905,0.540308952331543
11,10,10,"[1.242634654045105, 1.5296553373336792, 1.5352324843406677, 1.238595724105835, 1.2549834549427032, 1.5637029111385345, 1.2219310402870178, 1.2738585770130157, 1.212147444486618, 1.2421565353870392]",0,"[0.9126984126984127, 0.1746031746031746, 0.1349206349206349, 0.9285714285714286, 0.9126984126984127, 0.1349206349206349, 0.9047619047619048, 0.9365079365079365, 0.9126984126984127, 0.9206349206349206]","[0.9352245862884161, 0.8293144208037825, 0.8482269503546099, 0.9356973995271868, 0.939952718676123, 0.8624113475177305, 0.9295508274231679, 0.9394799054373523, 0.933806146572104, 0.9352245862884161]",0.6873015873015873,0.9088888888888891,0.9314420803782506,0.6989922523498535
12,10,10,"[1.2198141515254974, 1.5419881939888, 1.2402998805046082, 1.1977291107177734, 1.1992121636867523, 1.58403280377388, 1.5552317202091217, 1.216677576303482, 1.206878423690796, 1.2057272791862488]",0,"[0.9603174603174603, 0.1349206349206349, 0.9126984126984127, 0.9761904761904762, 0.9444444444444444, 0.1111111111111111, 0.11904761904761904, 0.9285714285714286, 0.9126984126984127, 0.9682539682539683]","[0.9470449172576832, 0.8969267139479905, 0.9531914893617022, 0.9460992907801419, 0.9456264775413712, 0.9059101654846335, 0.9063829787234042, 0.9460992907801419, 0.9475177304964539, 0.9470449172576832]",0.6968253968253968,0.9341843971631205,0.9460992907801419,0.7354204654693604
13,10,10,"[1.215017169713974, 1.1876411139965057, 1.1914440393447876, 1.1881979405879974, 1.2083730697631836, 1.1727802157402039, 1.5793944001197815, 1.1998940706253052, 1.2133351564407349, 1.560360848903656]",0,"[0.9444444444444444, 0.9285714285714286, 0.9365079365079365, 0.9444444444444444, 0.9920634920634921, 0.9841269841269841, 0.10317460317460317, 0.9365079365079365, 0.9682539682539683, 0.07936507936507936]","[0.9635933806146572, 0.9598108747044918, 0.9602836879432625, 0.9602836879432625, 0.9635933806146572, 0.9560283687943263, 0.9271867612293144, 0.9588652482269504, 0.9621749408983451, 0.9276595744680851]",0.7817460317460317,0.9539479905437351,0.9598108747044918,0.6248016357421875
14,10,10,"[1.2035152912139893, 1.6372130513191223, 1.1743841469287872, 1.1817846596240997, 1.1684910953044891, 1.2280444204807281, 1.189388394355774, 1.6038038730621338, 1.1732395589351654, 1.631085067987442]",0,"[0.9920634920634921, 0.07142857142857142, 0.9365079365079365, 0.9682539682539683, 0.9523809523809523, 0.9523809523809523, 0.9920634920634921, 0.07936507936507936, 0.9523809523809523, 0.023809523809523808]","[0.9697399527186761, 0.948936170212766, 0.9687943262411347, 0.9678486997635933, 0.968321513002364, 0.9711583924349881, 0.9692671394799054, 0.9465721040189126, 0.9673758865248226, 0.9513002364066194]",0.692063492063492,0.9629314420803784,0.968321513002364,0.656761884689331
15,10,10,"[1.2124634981155396, 1.6203118860721588, 1.1505841612815857, 1.6329992711544037, 1.1637116968631744, 1.1813669800758362, 1.6758285462856293, 1.1656039655208588, 1.17386856675148, 1.1667942702770233]",0,"[0.9603174603174603, 0.07936507936507936, 0.9523809523809523, 0.015873015873015872, 0.9761904761904762, 0.9603174603174603, 0.015873015873015872, 0.9365079365079365, 0.9523809523809523, 0.9841269841269841]","[0.9749408983451536, 0.9602836879432625, 0.9735224586288416, 0.9635933806146572, 0.9739952718676123, 0.9749408983451536, 0.9640661938534278, 0.9749408983451536, 0.9744680851063829, 0.9744680851063829]",0.6833333333333333,0.9709219858156027,0.9744680851063829,0.7167582511901855
16,10,10,"[1.1747826635837555, 1.1794109046459198, 1.6161879301071167, 1.6836410760879517, 1.1634538769721985, 1.1646548211574554, 1.1203793585300446, 1.168813019990921, 1.6828411519527435, 1.630072295665741]",0,"[0.9444444444444444, 0.9920634920634921, 0.023809523809523808, 0.03968253968253968, 0.9761904761904762, 0.9841269841269841, 0.9920634920634921, 0.9523809523809523, 0.03968253968253968, 0.023809523809523808]","[0.9796690307328605, 0.9791962174940898, 0.9697399527186761, 0.9692671394799054, 0.9787234042553191, 0.9796690307328605, 0.9777777777777777, 0.9801418439716312, 0.9711583924349881, 0.9692671394799054]",0.5968253968253968,0.9754609929078013,0.9777777777777777,1.0011265277862549
17,10,10,"[1.1574598848819733, 1.1436399519443512, 1.6634273529052734, 1.1263794004917145, 1.1200348138809204, 1.6431240439414978, 1.1116689145565033, 1.1225844025611877, 1.1249874532222748, 1.1333884000778198]",0,"[0.9920634920634921, 0.9841269841269841, 0.015873015873015872, 0.9920634920634921, 0.9761904761904762, 0.015873015873015872, 0.9920634920634921, 0.9841269841269841, 0.9523809523809523, 0.9920634920634921]","[0.9825059101654846, 0.9815602836879432, 0.9749408983451536, 0.9810874704491725, 0.9820330969267139, 0.9754137115839243, 0.9810874704491725, 0.9815602836879432, 0.9839243498817967, 0.9825059101654846]",0.7896825396825398,0.9806619385342789,0.9820330969267139,0.6358518600463867
18,10,10,"[1.093409240245819, 1.7107306122779846, 1.1273278295993805, 1.1159410178661346, 1.0995475351810455, 1.686924934387207, 1.7064974904060364, 1.114429235458374, 1.127649575471878, 1.1051622927188873]",0,"[0.9761904761904762, 0.007936507936507936, 0.9761904761904762, 0.9603174603174603, 0.9761904761904762, 0.031746031746031744, 0.05555555555555555, 0.9920634920634921, 0.9761904761904762, 0.9682539682539683]","[0.9829787234042553, 0.9787234042553191, 0.9843971631205674, 0.9858156028368794, 0.984869976359338, 0.9773049645390071, 0.9777777777777777, 0.984869976359338, 0.984869976359338, 0.9839243498817967]",0.692063492063492,0.9825531914893617,0.9839243498817967,0.6452293395996094
19,10,10,"[1.0989432334899902, 1.7619872391223907, 1.1055799722671509, 1.7552312016487122, 1.087694227695465, 1.766584724187851, 1.033078521490097, 1.7116146087646484, 1.6868568360805511, 1.1124826073646545]",0,"[0.9682539682539683, 0.031746031746031744, 0.9841269841269841, 0.015873015873015872, 0.9682539682539683, 0.031746031746031744, 0.9920634920634921, 0.031746031746031744, 0.023809523809523808, 0.9761904761904762]","[0.9872340425531915, 0.9843971631205674, 0.9867612293144208, 0.984869976359338, 0.9858156028368794, 0.983451536643026, 0.9825059101654846, 0.9820330969267139, 0.9825059101654846, 0.9891252955082742]",0.5023809523809524,0.984869976359338,0.984869976359338,1.4133353233337402
20,10,10,"[1.0842752754688263, 1.710469275712967, 1.0960130393505096, 1.7307370007038116, 1.1129134595394135, 1.7466982901096344, 1.1113216578960419, 1.099355787038803, 1.0756080448627472, 1.0750982463359833]",0,"[0.9761904761904762, 0.031746031746031744, 0.9841269841269841, 0.05555555555555555, 0.9761904761904762, 0.007936507936507936, 0.9920634920634921, 0.9682539682539683, 0.9841269841269841, 0.9920634920634921]","[0.9867612293144208, 0.983451536643026, 0.9862884160756501, 0.9829787234042553, 0.9891252955082742, 0.984869976359338, 0.9877068557919622, 0.9881796690307328, 0.9862884160756501, 0.9872340425531915]",0.6968253968253968,0.9862884160756501,0.9872340425531915,0.6969921588897705
21,10,10,"[1.1354731619358063, 1.7629548907279968, 1.806780993938446, 1.0828632414340973, 1.714895248413086, 1.792009949684143, 1.0560277700424194, 1.7089958786964417, 1.067366600036621, 1.0677430331707]",0,"[0.9841269841269841, 0.015873015873015872, 0.023809523809523808, 0.9920634920634921, 0.007936507936507936, 0.015873015873015872, 0.9682539682539683, 0.023809523809523808, 0.9841269841269841, 0.9761904761904762]","[0.9895981087470449, 0.984869976359338, 0.9881796690307328, 0.9895981087470449, 0.9862884160756501, 0.9862884160756501, 0.9895981087470449, 0.984869976359338, 0.9891252955082742, 0.9886524822695035]",0.4992063492063492,0.9877068557919622,0.9881796690307328,1.2518668174743652
22,10,10,"[1.7216362655162811, 1.7813303470611572, 1.0545496940612793, 1.7082515358924866, 1.8065837025642395, 1.779236376285553, 1.074805587530136, 1.073397010564804, 1.0734005272388458, 1.7810494303703308]",0,"[0.015873015873015872, 0.031746031746031744, 0.9841269841269841, 0.023809523809523808, 0.007936507936507936, 0.007936507936507936, 0.9920634920634921, 0.9920634920634921, 0.9682539682539683, 0.007936507936507936]","[0.9881796690307328, 0.9886524822695035, 0.9895981087470449, 0.9862884160756501, 0.9877068557919622, 0.9881796690307328, 0.9895981087470449, 0.9891252955082742, 0.9895981087470449, 0.9891252955082742]",0.4031746031746032,0.9886052009456264,0.9886524822695035,1.065995454788208
23,10,10,"[1.111774742603302, 1.7139597535133362, 1.1149472892284393, 1.0882014632225037, 1.7492111027240753, 1.1169604361057281, 1.7013096809387207, 1.106550544500351, 1.08646959066391, 1.0744321942329407]",0,"[0.9841269841269841, 0.031746031746031744, 0.9841269841269841, 1.0, 0.007936507936507936, 0.9603174603174603, 0.015873015873015872, 0.9682539682539683, 0.9841269841269841, 0.9761904761904762]","[0.9900709219858156, 0.9872340425531915, 0.9900709219858156, 0.9900709219858156, 0.9886524822695035, 0.9905437352245863, 0.9877068557919622, 0.9895981087470449, 0.9895981087470449, 0.9895981087470449]",0.6912698412698413,0.9893144208037823,0.9900709219858156,0.8631699085235596
24,10,10,"[1.0807482302188873, 1.7844024300575256, 1.055491417646408, 1.0439455211162567, 1.0812870264053345, 1.0647258758544922, 1.067439466714859, 1.0650368630886078, 1.0868031680583954, 1.0833450853824615]",0,"[1.0, 0.007936507936507936, 1.0, 0.9920634920634921, 0.9682539682539683, 0.9841269841269841, 1.0, 0.9920634920634921, 0.9841269841269841, 0.9841269841269841]","[0.9905437352245863, 0.9905437352245863, 0.9900709219858156, 0.9895981087470449, 0.9900709219858156, 0.991016548463357, 0.9900709219858156, 0.9905437352245863, 0.9905437352245863, 0.991016548463357]",0.8912698412698413,0.990401891252955,0.9905437352245863,0.4461784362792969
25,10,10,"[1.0355309844017029, 1.7544960379600525, 1.8218119442462921, 1.7708992660045624, 1.0286158621311188, 1.0831836462020874, 1.0606190860271454, 1.04586461186409, 1.807710200548172, 1.7688153088092804]",0,"[1.0, 0.015873015873015872, 0.007936507936507936, 0.023809523809523808, 1.0, 0.9682539682539683, 1.0, 1.0, 0.007936507936507936, 0.023809523809523808]","[0.9914893617021276, 0.9900709219858156, 0.9905437352245863, 0.9900709219858156, 0.9919621749408983, 0.9919621749408983, 0.9919621749408983, 0.9919621749408983, 0.9905437352245863, 0.9905437352245863]",0.5047619047619047,0.9911111111111109,0.991016548463357,1.3705244064331055
26,10,10,"[1.0289099216461182, 1.0405462086200714, 1.0671928226947784, 1.049707978963852, 1.0551078021526337, 1.0579208135604858, 1.0741148591041565, 1.8224566280841827, 1.8290872275829315, 1.7691408097743988]",0,"[0.9920634920634921, 0.9920634920634921, 0.9841269841269841, 0.9603174603174603, 0.9841269841269841, 0.9841269841269841, 0.9761904761904762, 0.015873015873015872, 0.023809523809523808, 0.031746031746031744]","[0.9919621749408983, 0.9919621749408983, 0.9919621749408983, 0.9933806146572104, 0.9919621749408983, 0.9919621749408983, 0.9919621749408983, 0.9905437352245863, 0.9905437352245863, 0.9905437352245863]",0.6944444444444444,0.9916784869976357,0.9919621749408983,0.6876134872436523
27,10,10,"[1.8447041511535645, 1.0428139567375183, 1.0572378635406494, 1.0274361371994019, 1.0757767856121063, 1.0297588407993317, 1.8573418855667114, 1.018362283706665, 1.0664727091789246, 1.804113119840622]",0,"[0.015873015873015872, 0.9841269841269841, 0.9761904761904762, 0.9841269841269841, 1.0, 0.9920634920634921, 0.015873015873015872, 0.9920634920634921, 0.9761904761904762, 0.007936507936507936]","[0.9914893617021276, 0.992434988179669, 0.9933806146572104, 0.9919621749408983, 0.9938534278959811, 0.9929078014184397, 0.9914893617021276, 0.9919621749408983, 0.9929078014184397, 0.991016548463357]",0.6944444444444444,0.9923404255319148,0.992434988179669,0.7440366744995117
28,10,10,"[1.0025824904441833, 1.8769153356552124, 1.0525757670402527, 1.8421036899089813, 1.804388552904129, 1.8044090270996094, 1.8764024674892426, 1.0486652553081512, 1.8982553482055664, 1.8193700909614563]",0,"[1.0, 0.015873015873015872, 0.9761904761904762, 0.031746031746031744, 0.007936507936507936, 0.007936507936507936, 0.007936507936507936, 0.9841269841269841, 0.015873015873015872, 0.023809523809523808]","[0.9933806146572104, 0.9929078014184397, 0.9943262411347518, 0.9919621749408983, 0.9938534278959811, 0.9919621749408983, 0.9919621749408983, 0.9938534278959811, 0.9938534278959811, 0.9929078014184397]",0.3071428571428571,0.993096926713948,0.9929078014184397,0.7198622226715088
29,10,10,"[1.0506647229194641, 1.0248363316059113, 1.036072313785553, 1.0288540124893188, 1.0637955069541931, 1.0200448483228683, 1.0306271314620972, 1.067634254693985, 1.0065318793058395, 1.0284775793552399]",0,"[0.9920634920634921, 0.9920634920634921, 1.0, 0.9841269841269841, 0.9682539682539683, 1.0, 0.9920634920634921, 0.9761904761904762, 0.9920634920634921, 0.9920634920634921]","[0.9938534278959811, 0.9929078014184397, 0.9947990543735225, 0.9929078014184397, 0.9947990543735225, 0.9929078014184397, 0.9947990543735225, 0.9943262411347518, 0.9929078014184397, 0.9933806146572104]",0.9888888888888889,0.9937588652482269,0.9938534278959811,0.5924549102783203
30,10,10,"[1.011271983385086, 1.0348387956619263, 1.0088171064853668, 1.0045315325260162, 0.996907651424408, 1.0435813963413239, 1.8907840251922607, 1.0123402029275894, 1.785634070634842, 1.0083473771810532]",0,"[0.9841269841269841, 0.9841269841269841, 0.9920634920634921, 0.9920634920634921, 0.9761904761904762, 1.0, 0.015873015873015872, 0.9920634920634921, 0.007936507936507936, 0.9841269841269841]","[0.9943262411347518, 0.9943262411347518, 0.9947990543735225, 0.9933806146572104, 0.9947990543735225, 0.9952718676122931, 0.9933806146572104, 0.9943262411347518, 0.9943262411347518, 0.9943262411347518]",0.7928571428571429,0.9943262411347519,0.9947990543735225,0.6044111251831055
31,10,10,"[1.017529934644699, 1.0223955810070038, 1.0073756277561188, 1.0143213272094727, 0.9679960906505585, 0.9946212768554688, 1.902607500553131, 1.8849495351314545, 1.0313934683799744, 1.0280239284038544]",0,"[0.9920634920634921, 1.0, 0.9682539682539683, 1.0, 0.9920634920634921, 0.9920634920634921, 0.0, 0.0, 0.9761904761904762, 0.9841269841269841]","[0.9957446808510638, 0.9957446808510638, 0.9957446808510638, 0.9952718676122931, 0.9952718676122931, 0.9943262411347518, 0.9947990543735225, 0.9947990543735225, 0.9957446808510638, 0.9957446808510638]",0.7904761904761906,0.9953191489361704,0.9957446808510638,0.5540316104888916
32,10,10,"[1.8868199586868286, 1.965045541524887, 1.0035713016986847, 1.9114840626716614, 1.941151112318039, 1.8738483786582947, 1.0207116454839706, 1.0004097372293472, 0.9773743897676468, 1.0232296884059906]",0,"[0.007936507936507936, 0.0, 0.9920634920634921, 0.0, 0.015873015873015872, 0.0, 1.0, 0.9920634920634921, 1.0, 0.9920634920634921]","[0.9957446808510638, 0.9952718676122931, 0.9957446808510638, 0.9952718676122931, 0.9952718676122931, 0.9957446808510638, 0.9957446808510638, 0.9957446808510638, 0.9957446808510638, 0.9957446808510638]",0.5,0.9956028368794326,0.9957446808510638,2.022409200668335
33,10,10,"[0.9701756536960602, 0.9909221827983856, 1.0434002876281738, 1.0130813121795654, 1.9388652741909027, 1.8891642689704895, 1.8770241439342499, 0.997250497341156, 1.0015242546796799, 0.9778372943401337]",0,"[1.0, 0.9841269841269841, 0.9920634920634921, 0.9841269841269841, 0.007936507936507936, 0.007936507936507936, 0.007936507936507936, 1.0, 0.9841269841269841, 1.0]","[0.9957446808510638, 0.9957446808510638, 0.9957446808510638, 0.9957446808510638, 0.9957446808510638, 0.9952718676122931, 0.9957446808510638, 0.9957446808510638, 0.9957446808510638, 0.9957446808510638]",0.6968253968253968,0.9956973995271868,0.9957446808510638,0.6674659252166748
34,10,10,"[0.9580424129962921, 0.948541671037674, 0.9640125036239624, 1.9358596205711365, 1.914314180612564, 1.9895161986351013, 1.9589396119117737, 0.986200362443924, 1.859788954257965, 0.936609297990799]",0,"[0.9841269841269841, 0.9841269841269841, 1.0, 0.0, 0.007936507936507936, 0.0, 0.007936507936507936, 0.9920634920634921, 0.007936507936507936, 0.9920634920634921]","[0.9957446808510638, 0.9957446808510638, 0.9957446808510638, 0.9957446808510638, 0.9957446808510638, 0.9957446808510638, 0.9957446808510638, 0.9957446808510638, 0.9957446808510638, 0.9957446808510638]",0.4976190476190476,0.9957446808510639,0.9957446808510638,1.824608325958252
35,10,10,"[1.9063692688941956, 1.935549795627594, 0.9411089867353439, 0.9519290179014206, 0.9761915653944016, 0.9594305157661438, 0.9666701257228851, 0.9734023660421371, 0.9972663670778275, 1.8883751332759857]",0,"[0.023809523809523808, 0.0, 1.0, 0.9920634920634921, 0.9682539682539683, 1.0, 1.0, 1.0, 0.9841269841269841, 0.007936507936507936]","[0.9957446808510638, 0.9957446808510638, 0.9957446808510638, 0.9957446808510638, 0.9957446808510638, 0.9957446808510638, 0.9957446808510638, 0.9957446808510638, 0.9957446808510638, 0.9957446808510638]",0.6976190476190476,0.9957446808510639,0.9957446808510638,0.6105556488037109
36,10,10,"[0.9483543783426285, 0.9896746128797531, 0.9518021047115326, 0.959095761179924, 1.946889877319336, 0.9714677035808563, 0.949385479092598, 1.9367311298847198, 0.8912578225135803, 0.9466110318899155]",0,"[1.0, 1.0, 1.0, 0.9920634920634921, 0.0, 0.9841269841269841, 0.9841269841269841, 0.0, 0.9920634920634921, 0.9920634920634921]","[0.9957446808510638, 0.9957446808510638, 0.9957446808510638, 0.9957446808510638, 0.9957446808510638, 0.9957446808510638, 0.9957446808510638, 0.9957446808510638, 0.9957446808510638, 0.9957446808510638]",0.7944444444444445,0.9957446808510639,0.9957446808510638,0.6366755962371826
37,10,10,"[0.9312094300985336, 1.9627387523651123, 1.9538731276988983, 0.9335331916809082, 0.9516447335481644, 0.9532430171966553, 1.9499962627887726, 0.9335332214832306, 0.9269103854894638, 0.9464220851659775]",0,"[1.0, 0.007936507936507936, 0.015873015873015872, 0.9920634920634921, 0.9920634920634921, 0.9920634920634921, 0.0, 0.9682539682539683, 0.9841269841269841, 0.9841269841269841]","[0.9957446808510638, 0.9957446808510638, 0.9957446808510638, 0.9957446808510638, 0.9957446808510638, 0.9971631205673759, 0.9957446808510638, 0.9957446808510638, 0.9957446808510638, 0.9957446808510638]",0.6936507936507936,0.9958865248226951,0.9957446808510638,0.6449365615844727
38,10,10,"[0.910797193646431, 0.9124678671360016, 0.9584365040063858, 0.9531863033771515, 0.9294532835483551, 0.9198007583618164, 0.9318440556526184, 0.9197582304477692, 1.9951382875442505, 0.9268270581960678]",0,"[0.9841269841269841, 0.9920634920634921, 1.0, 0.9920634920634921, 0.9920634920634921, 0.9920634920634921, 0.9682539682539683, 0.9682539682539683, 0.007936507936507936, 1.0]","[0.9971631205673759, 0.9957446808510638, 0.9966903073286052, 0.9966903073286052, 0.9971631205673759, 0.9962174940898345, 0.9971631205673759, 0.9957446808510638, 0.9957446808510638, 0.9971631205673759]",0.8896825396825397,0.9965484633569741,0.9971631205673759,0.5537557601928711
39,10,10,"[2.016587793827057, 0.9174749851226807, 0.8927096724510193, 0.8979082554578781, 0.8951647877693176, 0.9185958504676819, 0.9111020416021347, 2.0516357421875, 0.888972595334053, 2.069908380508423]",0,"[0.007936507936507936, 0.9841269841269841, 1.0, 0.9920634920634921, 1.0, 1.0, 1.0, 0.015873015873015872, 1.0, 0.0]","[0.9957446808510638, 0.9971631205673759, 0.9962174940898345, 0.9971631205673759, 0.9966903073286052, 0.9971631205673759, 0.9971631205673759, 0.9971631205673759, 0.9971631205673759, 0.9962174940898345]",0.7,0.9967848699763593,0.9971631205673759,0.6429684162139893
40,10,10,"[0.9077443927526474, 0.8847358524799347, 0.9150046855211258, 0.8702419400215149, 2.046077609062195, 0.8897995501756668, 0.8873318880796432, 0.9177629947662354, 0.8821588605642319, 0.8874917328357697]",0,"[0.9920634920634921, 0.9920634920634921, 0.9920634920634921, 1.0, 0.007936507936507936, 0.9920634920634921, 0.9920634920634921, 0.9920634920634921, 0.9920634920634921, 0.9920634920634921]","[0.9971631205673759, 0.9971631205673759, 0.9971631205673759, 0.9971631205673759, 0.9971631205673759, 0.9971631205673759, 0.9971631205673759, 0.9976359338061466, 0.9971631205673759, 0.9971631205673759]",0.8944444444444445,0.997210401891253,0.9971631205673759,0.4374663829803467
41,10,10,"[0.876663938164711, 0.8848420232534409, 0.8667659014463425, 0.8675826638936996, 0.8802297860383987, 2.1439756751060486, 2.0802910327911377, 0.8910680264234543, 0.9099319726228714, 0.8778840601444244]",0,"[0.9920634920634921, 0.9841269841269841, 1.0, 0.9920634920634921, 0.9920634920634921, 0.007936507936507936, 0.015873015873015872, 1.0, 0.9841269841269841, 1.0]","[0.9971631205673759, 0.9971631205673759, 0.9971631205673759, 0.9971631205673759, 0.9971631205673759, 0.9971631205673759, 0.9971631205673759, 0.9976359338061466, 0.9971631205673759, 0.9976359338061466]",0.7968253968253969,0.9972576832151301,0.9971631205673759,0.6506397724151611
42,10,10,"[0.8864860534667969, 2.0943064093589783, 2.0837924480438232, 2.1162564754486084, 0.8651377409696579, 0.8636329621076584, 0.8568762093782425, 0.8755715936422348, 0.8103966414928436, 0.8491298705339432]",0,"[0.9920634920634921, 0.0, 0.023809523809523808, 0.0, 1.0, 0.9920634920634921, 0.9920634920634921, 1.0, 1.0, 1.0]","[0.9976359338061466, 0.9971631205673759, 0.9971631205673759, 0.9971631205673759, 0.9971631205673759, 0.9976359338061466, 0.9976359338061466, 0.9976359338061466, 0.9971631205673759, 0.9976359338061466]",0.7,0.9973995271867613,0.9976359338061466,0.6565546989440918
43,10,10,"[2.0599676966667175, 0.852718710899353, 0.8513413816690445, 0.8258363902568817, 0.8432756960391998, 0.8452944606542587, 0.8001649975776672, 0.8472338765859604, 0.8312779814004898, 0.8745396286249161]",0,"[0.015873015873015872, 0.9761904761904762, 1.0, 1.0, 0.9920634920634921, 0.9920634920634921, 1.0, 1.0, 1.0, 0.9920634920634921]","[0.9971631205673759, 0.9976359338061466, 0.9976359338061466, 0.9976359338061466, 0.9976359338061466, 0.9976359338061466, 0.9971631205673759, 0.9976359338061466, 0.9976359338061466, 0.9976359338061466]",0.8968253968253969,0.9975413711583924,0.9976359338061466,0.6018836498260498
44,10,10,"[2.1362334489822388, 0.861061155796051, 0.8472861498594284, 0.8455340564250946, 0.8438157439231873, 0.8503384292125702, 0.8576924800872803, 2.162139117717743, 2.211339294910431, 0.8432939946651459]",0,"[0.007936507936507936, 0.9920634920634921, 1.0, 1.0, 0.9920634920634921, 0.9841269841269841, 0.9841269841269841, 0.015873015873015872, 0.007936507936507936, 1.0]","[0.9971631205673759, 0.9976359338061466, 0.9976359338061466, 0.9976359338061466, 0.9976359338061466, 0.9976359338061466, 0.9976359338061466, 0.9976359338061466, 0.9976359338061466, 0.9976359338061466]",0.6984126984126984,0.9975886524822695,0.9976359338061466,0.8248996734619141
45,10,10,"[2.155876934528351, 0.81913723051548, 0.8343503922224045, 0.8497604727745056, 0.859511137008667, 2.169175148010254, 0.8474825769662857, 2.1619235277175903, 2.2064998745918274, 0.8280653953552246]",0,"[0.0, 0.9920634920634921, 1.0, 0.9920634920634921, 0.9841269841269841, 0.015873015873015872, 1.0, 0.007936507936507936, 0.0, 1.0]","[0.9976359338061466, 0.9976359338061466, 0.9976359338061466, 0.9976359338061466, 0.9976359338061466, 0.9976359338061466, 0.9976359338061466, 0.9976359338061466, 0.9976359338061466, 0.9976359338061466]",0.5992063492063492,0.9976359338061466,0.9976359338061466,1.1165602207183838
46,10,10,"[2.201069414615631, 0.8146286457777023, 0.8070042878389359, 2.157159984111786, 0.8194361478090286, 0.814098060131073, 2.152908980846405, 0.8265106081962585, 0.7975820749998093, 2.1797322630882263]",0,"[0.007936507936507936, 0.9920634920634921, 1.0, 0.015873015873015872, 1.0, 0.9920634920634921, 0.007936507936507936, 0.9920634920634921, 1.0, 0.0]","[0.9976359338061466, 0.9976359338061466, 0.9976359338061466, 0.9976359338061466, 0.9976359338061466, 0.9976359338061466, 0.9976359338061466, 0.9976359338061466, 0.9976359338061466, 0.9976359338061466]",0.6007936507936508,0.9976359338061466,0.9976359338061466,1.0388147830963135
47,10,10,"[0.8087574243545532, 2.25800222158432, 0.8209551423788071, 2.236367166042328, 2.1871390342712402, 2.2000855207443237, 2.229149341583252, 0.8082870990037918, 2.2310747504234314, 0.8141377717256546]",0,"[0.9920634920634921, 0.007936507936507936, 1.0, 0.0, 0.015873015873015872, 0.015873015873015872, 0.015873015873015872, 0.9920634920634921, 0.007936507936507936, 1.0]","[0.9976359338061466, 0.9976359338061466, 0.9976359338061466, 0.9976359338061466, 0.9976359338061466, 0.9976359338061466, 0.9976359338061466, 0.9976359338061466, 0.9976359338061466, 0.9976359338061466]",0.40476190476190477,0.9976359338061466,0.9976359338061466,0.9729080200195312
48,10,10,"[0.815943107008934, 2.2419265508651733, 0.8324538916349411, 0.8115290552377701, 0.8510400503873825, 2.2400600910186768, 0.8412808179855347, 0.7737816423177719, 2.196784257888794, 0.7953989207744598]",0,"[1.0, 0.0, 0.9920634920634921, 0.9920634920634921, 0.9841269841269841, 0.015873015873015872, 0.9920634920634921, 1.0, 0.0, 1.0]","[0.9976359338061466, 0.9976359338061466, 0.9976359338061466, 0.9976359338061466, 0.9976359338061466, 0.9976359338061466, 0.9976359338061466, 0.9976359338061466, 0.9976359338061466, 0.9976359338061466]",0.6976190476190476,0.9976359338061466,0.9976359338061466,0.6702189445495605
49,10,10,"[0.8207790106534958, 0.8378582000732422, 0.8192478865385056, 0.8145713657140732, 2.2158080339431763, 0.7978961765766144, 0.8006747215986252, 0.8061617016792297, 2.132630705833435, 2.20018208026886]",0,"[0.9920634920634921, 0.9841269841269841, 1.0, 1.0, 0.0, 1.0, 0.9841269841269841, 1.0, 0.007936507936507936, 0.0]","[0.9981087470449173, 0.9976359338061466, 0.9976359338061466, 0.9976359338061466, 0.9976359338061466, 0.9976359338061466, 0.9981087470449173, 0.9976359338061466, 0.9976359338061466, 0.9976359338061466]",0.6968253968253968,0.9977304964539007,0.9976359338061466,0.8101909160614014
50,10,10,"[2.235035479068756, 0.8110891878604889, 2.226929247379303, 0.7996135950088501, 0.8214624226093292, 0.7941916286945343, 0.7954073697328568, 2.2466646432876587, 2.2097590565681458, 0.8298064917325974]",0,"[0.007936507936507936, 0.9920634920634921, 0.015873015873015872, 1.0, 0.9920634920634921, 0.9920634920634921, 0.9920634920634921, 0.0, 0.015873015873015872, 0.9920634920634921]","[0.9976359338061466, 0.9981087470449173, 0.9976359338061466, 0.9976359338061466, 0.9981087470449173, 0.9981087470449173, 0.9976359338061466, 0.9981087470449173, 0.9976359338061466, 0.9981087470449173]",0.6,0.9978723404255317,0.9981087470449173,0.9978580474853516
51,10,10,"[0.8225993514060974, 0.8094460964202881, 0.7730860114097595, 2.2915427684783936, 2.2106937766075134, 0.7823831737041473, 2.272155463695526, 0.789379209280014, 0.77950319647789, 0.7512390613555908]",0,"[0.9841269841269841, 1.0, 1.0, 0.007936507936507936, 0.0, 1.0, 0.0, 0.9920634920634921, 1.0, 1.0]","[0.9976359338061466, 0.9981087470449173, 0.9981087470449173, 0.9976359338061466, 0.9981087470449173, 0.9981087470449173, 0.9976359338061466, 0.9981087470449173, 0.9981087470449173, 0.9976359338061466]",0.6984126984126984,0.9979196217494088,0.9981087470449173,0.9067809581756592
52,10,10,"[2.2827640175819397, 0.7828054279088974, 0.7752908617258072, 0.7853855490684509, 0.7774802893400192, 0.7713475227355957, 0.8041225075721741, 0.770074188709259, 0.7854598760604858, 2.3085941076278687]",0,"[0.015873015873015872, 1.0, 0.9761904761904762, 1.0, 0.9920634920634921, 1.0, 0.9920634920634921, 1.0, 1.0, 0.007936507936507936]","[0.9981087470449173, 0.9981087470449173, 0.9981087470449173, 0.9976359338061466, 0.9976359338061466, 0.9976359338061466, 0.9981087470449173, 0.9981087470449173, 0.9976359338061466, 0.9976359338061466]",0.7984126984126985,0.9978723404255317,0.9981087470449173,0.8050858974456787
53,10,10,"[2.209433078765869, 0.7615614533424377, 0.7833357900381088, 0.7725228369235992, 0.7774503976106644, 2.290100872516632, 0.7697043418884277, 0.7700912952423096, 0.7921373248100281, 0.7788520455360413]",0,"[0.007936507936507936, 1.0, 1.0, 1.0, 1.0, 0.0, 1.0, 0.9920634920634921, 1.0, 0.9761904761904762]","[0.9976359338061466, 0.9976359338061466, 0.9981087470449173, 0.9981087470449173, 0.9981087470449173, 0.9981087470449173, 0.9976359338061466, 0.9981087470449173, 0.9976359338061466, 0.9981087470449173]",0.7976190476190477,0.9979196217494091,0.9976359338061466,0.7172927856445312
54,10,10,"[0.7605811357498169, 0.7620781660079956, 0.7773453891277313, 2.342127025127411, 0.7833503931760788, 0.791394904255867, 0.7784078866243362, 2.2960057258605957, 0.7627969533205032, 0.7865607291460037]",0,"[0.9920634920634921, 1.0, 0.9841269841269841, 0.0, 0.9920634920634921, 0.9920634920634921, 1.0, 0.0, 1.0, 0.9920634920634921]","[0.9981087470449173, 0.9976359338061466, 0.9976359338061466, 0.9976359338061466, 0.9976359338061466, 0.9976359338061466, 0.9976359338061466, 0.9981087470449173, 0.9976359338061466, 0.9976359338061466]",0.7952380952380953,0.9977304964539007,0.9976359338061466,0.7534112930297852
55,10,10,"[0.7811720073223114, 0.7553410232067108, 0.7516482919454575, 0.7647703438997269, 0.767193153500557, 2.326321303844452, 0.784706711769104, 0.7531033754348755, 2.2567156553268433, 0.7480250000953674]",0,"[1.0, 1.0, 1.0, 1.0, 0.9841269841269841, 0.0, 0.9920634920634921, 1.0, 0.015873015873015872, 0.9920634920634921]","[0.9976359338061466, 0.9981087470449173, 0.9976359338061466, 0.9976359338061466, 0.9985815602836879, 0.9981087470449173, 0.9985815602836879, 0.9981087470449173, 0.9981087470449173, 0.9976359338061466]",0.7984126984126985,0.9980141843971628,0.9976359338061466,0.6131219863891602
56,10,10,"[0.7577815800905228, 0.7469469755887985, 2.344051241874695, 0.7501824200153351, 0.7515774220228195, 0.7455499172210693, 0.7283524870872498, 2.3789769411087036, 0.7290100604295731, 0.7416052967309952]",0,"[1.0, 1.0, 0.0, 1.0, 1.0, 1.0, 1.0, 0.007936507936507936, 1.0, 0.9920634920634921]","[0.9976359338061466, 0.9985815602836879, 0.9976359338061466, 0.9985815602836879, 0.9985815602836879, 0.9976359338061466, 0.9976359338061466, 0.9981087470449173, 0.9981087470449173, 0.9976359338061466]",0.8,0.998014184397163,0.9981087470449173,0.5555357933044434
57,10,10,"[0.7351216226816177, 0.7351874560117722, 0.7446626871824265, 2.346510946750641, 0.750061109662056, 0.7211861163377762, 0.7604901194572449, 0.7092835009098053, 0.734305813908577, 0.7360239624977112]",0,"[1.0, 1.0, 0.9920634920634921, 0.0, 1.0, 1.0, 1.0, 1.0, 1.0, 1.0]","[0.9985815602836879, 0.9985815602836879, 0.9985815602836879, 0.9985815602836879, 0.9985815602836879, 0.9985815602836879, 0.9985815602836879, 0.9976359338061466, 0.9976359338061466, 0.9985815602836879]",0.8992063492063492,0.9983924349881796,0.9985815602836879,0.49291229248046875
58,10,10,"[0.7200241535902023, 0.7400388717651367, 0.7264275699853897, 0.7426181137561798, 0.7261381596326828, 0.7297918647527695, 2.3859230875968933, 0.7518607825040817, 0.7324953824281693, 0.7507036775350571]",0,"[1.0, 0.9841269841269841, 1.0, 1.0, 1.0, 1.0, 0.0, 1.0, 1.0, 0.9920634920634921]","[0.9985815602836879, 0.9976359338061466, 0.9985815602836879, 0.9985815602836879, 0.9985815602836879, 0.9985815602836879, 0.9985815602836879, 0.9985815602836879, 0.9985815602836879, 0.9985815602836879]",0.8976190476190476,0.9984869976359336,0.9985815602836879,0.7685518264770508
59,10,10,"[0.7223944962024689, 0.7216324508190155, 0.7168867290019989, 0.7193075567483902, 0.7324834167957306, 0.7380770742893219, 0.7059771120548248, 0.7271681725978851, 0.7318636029958725, 2.4123698472976685]",0,"[1.0, 1.0, 0.9920634920634921, 0.9920634920634921, 1.0, 0.9920634920634921, 1.0, 1.0, 1.0, 0.0]","[0.9985815602836879, 0.9985815602836879, 0.9985815602836879, 0.9985815602836879, 0.9976359338061466, 0.9985815602836879, 0.9985815602836879, 0.9985815602836879, 0.9985815602836879, 0.9985815602836879]",0.8976190476190476,0.9984869976359336,0.9985815602836879,0.5618243217468262
60,10,10,"[0.7138873189687729, 0.724641352891922, 0.7116795033216476, 2.395083248615265, 2.41513729095459, 2.3482962250709534, 0.7389869838953018, 0.6998549252748489, 0.7382302582263947, 0.6993147134780884]",0,"[1.0, 0.9920634920634921, 0.9920634920634921, 0.007936507936507936, 0.0, 0.007936507936507936, 0.9920634920634921, 1.0, 0.9920634920634921, 1.0]","[0.9985815602836879, 0.9985815602836879, 0.9976359338061466, 0.9985815602836879, 0.9981087470449173, 0.9985815602836879, 0.9985815602836879, 0.9985815602836879, 0.9985815602836879, 0.9985815602836879]",0.6984126984126984,0.9984397163120565,0.9985815602836879,0.6996042728424072
61,10,10,"[2.400504231452942, 0.7323044985532761, 0.7050158828496933, 0.7204397022724152, 0.7003595232963562, 0.7322861552238464, 0.7218145281076431, 0.7023700922727585, 0.7098864167928696, 0.7145476192235947]",0,"[0.0, 0.9920634920634921, 1.0, 0.9920634920634921, 1.0, 0.9920634920634921, 1.0, 1.0, 1.0, 0.9920634920634921]","[0.9985815602836879, 0.9976359338061466, 0.9985815602836879, 0.9976359338061466, 0.9985815602836879, 0.9985815602836879, 0.9985815602836879, 0.9976359338061466, 0.9985815602836879, 0.9985815602836879]",0.8968253968253969,0.9982978723404254,0.9985815602836879,0.6414823532104492
62,10,10,"[0.6998095959424973, 0.7033398598432541, 2.4174936413764954, 2.416833460330963, 0.7002941071987152, 0.6983789205551147, 0.7003886550664902, 2.4547305703163147, 0.7056512087583542, 0.7143563479185104]",0,"[1.0, 1.0, 0.0, 0.0, 1.0, 1.0, 1.0, 0.0, 1.0, 1.0]","[0.9976359338061466, 0.9985815602836879, 0.9985815602836879, 0.9985815602836879, 0.9976359338061466, 0.9976359338061466, 0.9985815602836879, 0.9981087470449173, 0.9985815602836879, 0.9985815602836879]",0.7,0.9982505910165484,0.9976359338061466,0.7187914848327637
63,10,10,"[0.6884445250034332, 2.435697555541992, 0.7055047303438187, 2.4404847025871277, 0.6967484056949615, 2.4519598484039307, 0.68524169921875, 2.4601818323135376, 0.7255111783742905, 0.6967392414808273]",0,"[1.0, 0.0, 1.0, 0.0, 1.0, 0.0, 1.0, 0.007936507936507936, 0.9841269841269841, 1.0]","[0.9985815602836879, 0.9981087470449173, 0.9981087470449173, 0.9981087470449173, 0.9985815602836879, 0.9985815602836879, 0.9985815602836879, 0.9976359338061466, 0.9985815602836879, 0.9976359338061466]",0.5992063492063492,0.9982505910165484,0.9985815602836879,0.9808547496795654
64,10,10,"[0.6905745267868042, 2.4377612471580505, 2.429707109928131, 2.4539849758148193, 0.7158393710851669, 0.6860401332378387, 0.717234343290329, 0.7054606825113297, 0.6817936599254608, 2.444880485534668]",0,"[1.0, 0.007936507936507936, 0.015873015873015872, 0.0, 0.9920634920634921, 1.0, 0.9920634920634921, 0.9920634920634921, 1.0, 0.0]","[0.9976359338061466, 0.9976359338061466, 0.9985815602836879, 0.9985815602836879, 0.9981087470449173, 0.9985815602836879, 0.9981087470449173, 0.9976359338061466, 0.9985815602836879, 0.9985815602836879]",0.6,0.9982033096926713,0.9985815602836879,0.9871065616607666
65,10,10,"[0.7000292390584946, 0.6911352723836899, 0.6832212656736374, 2.4683398008346558, 0.6878141909837723, 0.7006916254758835, 0.6925641745328903, 2.446463942527771, 0.7188208103179932, 0.694238156080246]",0,"[0.9920634920634921, 1.0, 1.0, 0.0, 0.9920634920634921, 0.9920634920634921, 0.9920634920634921, 0.0, 0.9920634920634921, 1.0]","[0.9976359338061466, 0.9985815602836879, 0.9976359338061466, 0.9985815602836879, 0.9976359338061466, 0.9981087470449173, 0.9985815602836879, 0.9976359338061466, 0.9981087470449173, 0.9985815602836879]",0.7960317460317461,0.9981087470449174,0.9976359338061466,0.8413896560668945
66,10,10,"[0.6806025505065918, 0.6970312595367432, 0.6816871017217636, 2.4819108843803406, 0.7021029442548752, 2.4741907715797424, 0.6844089329242706, 0.6891688406467438, 0.6848201304674149, 0.6808614730834961]",0,"[0.9920634920634921, 0.9920634920634921, 1.0, 0.0, 1.0, 0.015873015873015872, 1.0, 1.0, 1.0, 1.0]","[0.9981087470449173, 0.9976359338061466, 0.9976359338061466, 0.9976359338061466, 0.9981087470449173, 0.9976359338061466, 0.9976359338061466, 0.9976359338061466, 0.9976359338061466, 0.9976359338061466]",0.8,0.9977304964539007,0.9976359338061466,0.6554899215698242
67,10,10,"[0.6800293475389481, 0.6928536295890808, 2.4722625017166138, 0.687020942568779, 0.6759774535894394, 2.4844249486923218, 0.6718011945486069, 0.7119520753622055, 0.6814702451229095, 2.4937002658843994]",0,"[0.9920634920634921, 0.9920634920634921, 0.0, 1.0, 1.0, 0.015873015873015872, 1.0, 0.9841269841269841, 0.9920634920634921, 0.0]","[0.9981087470449173, 0.9985815602836879, 0.9981087470449173, 0.9976359338061466, 0.9981087470449173, 0.9976359338061466, 0.9976359338061466, 0.9981087470449173, 0.9985815602836879, 0.9976359338061466]",0.6976190476190476,0.998014184397163,0.9976359338061466,0.9317514896392822
68,10,10,"[0.6989633440971375, 0.6765720397233963, 2.491768777370453, 2.502902030944824, 2.4602813720703125, 0.673700287938118, 0.6690285205841064, 2.5052273273468018, 2.5141818523406982, 0.6697821617126465]",0,"[0.9920634920634921, 1.0, 0.0, 0.0, 0.023809523809523808, 1.0, 1.0, 0.007936507936507936, 0.007936507936507936, 1.0]","[0.9981087470449173, 0.9976359338061466, 0.9976359338061466, 0.9976359338061466, 0.9985815602836879, 0.9981087470449173, 0.9976359338061466, 0.9976359338061466, 0.9985815602836879, 0.9981087470449173]",0.5031746031746032,0.997966903073286,0.9976359338061466,1.1483960151672363
69,10,10,"[2.5097813606262207, 0.6781817078590393, 0.6777405589818954, 0.6846303343772888, 0.6992406994104385, 0.6885486245155334, 0.6724886447191238, 0.688409611582756, 0.6767953336238861, 2.446438193321228]",0,"[0.0, 1.0, 0.9920634920634921, 0.9920634920634921, 0.9920634920634921, 1.0, 1.0, 0.9920634920634921, 1.0, 0.007936507936507936]","[0.9976359338061466, 0.9981087470449173, 0.9981087470449173, 0.9981087470449173, 0.9981087470449173, 0.9976359338061466, 0.9976359338061466, 0.9976359338061466, 0.9976359338061466, 0.9976359338061466]",0.7976190476190477,0.9978250591016549,0.9976359338061466,0.55130934715271
70,10,10,"[0.6762662529945374, 0.6921564936637878, 2.5019960403442383, 2.4971954226493835, 0.6743678599596024, 0.6823248118162155, 0.6733413338661194, 2.469660222530365, 0.6695085018873215, 0.6786660999059677]",0,"[1.0, 0.9920634920634921, 0.0, 0.007936507936507936, 1.0, 1.0, 1.0, 0.023809523809523808, 1.0, 1.0]","[0.9981087470449173, 0.9976359338061466, 0.9981087470449173, 0.9981087470449173, 0.9985815602836879, 0.9981087470449173, 0.9976359338061466, 0.9976359338061466, 0.9981087470449173, 0.9976359338061466]",0.7023809523809523,0.997966903073286,0.9981087470449173,0.6948459148406982
71,10,10,"[0.6825956702232361, 2.528962552547455, 0.6698213070631027, 0.67967189848423, 0.6803815215826035, 0.671081155538559, 0.6931325048208237, 2.5279528498649597, 2.464861273765564, 0.6688604652881622]",0,"[0.9920634920634921, 0.0, 1.0, 0.9841269841269841, 0.9920634920634921, 1.0, 0.9920634920634921, 0.007936507936507936, 0.023809523809523808, 1.0]","[0.9981087470449173, 0.9981087470449173, 0.9981087470449173, 0.9976359338061466, 0.9976359338061466, 0.9981087470449173, 0.9981087470449173, 0.9985815602836879, 0.9985815602836879, 0.9976359338061466]",0.6992063492063492,0.99806146572104,0.9981087470449173,0.6887333393096924
72,10,10,"[0.6658886820077896, 0.6701680123806, 0.6668055802583694, 0.6718420386314392, 0.6572732925415039, 0.679741770029068, 2.505666971206665, 0.6618017107248306, 2.489808738231659, 0.6893259733915329]",0,"[1.0, 1.0, 0.9920634920634921, 1.0, 1.0, 1.0, 0.0, 1.0, 0.007936507936507936, 1.0]","[0.9981087470449173, 0.9976359338061466, 0.9981087470449173, 0.9976359338061466, 0.9981087470449173, 0.9981087470449173, 0.9981087470449173, 0.9981087470449173, 0.9985815602836879, 0.9985815602836879]",0.8,0.998108747044917,0.9981087470449173,0.6721115112304688
73,10,10,"[2.482155740261078, 0.6598249822854996, 0.6745475381612778, 0.6693079024553299, 2.5165191888809204, 0.6791088879108429, 0.6908805817365646, 2.5337827801704407, 2.5174465775489807, 0.6588585823774338]",0,"[0.023809523809523808, 1.0, 0.9920634920634921, 1.0, 0.0, 0.9920634920634921, 0.9920634920634921, 0.0, 0.0, 1.0]","[0.9985815602836879, 0.9981087470449173, 0.9981087470449173, 0.9976359338061466, 0.9981087470449173, 0.9981087470449173, 0.9985815602836879, 0.9981087470449173, 0.9981087470449173, 0.9981087470449173]",0.6,0.998156028368794,0.9981087470449173,1.2132976055145264
74,10,10,"[0.6873118132352829, 2.4984246492385864, 0.6619756370782852, 2.537082850933075, 0.6624748706817627, 0.6724991351366043, 2.54317045211792, 2.523550868034363, 0.6630267053842545, 2.5251771211624146]",0,"[0.9920634920634921, 0.015873015873015872, 1.0, 0.0, 0.9920634920634921, 0.9920634920634921, 0.007936507936507936, 0.007936507936507936, 1.0, 0.0]","[0.9981087470449173, 0.9976359338061466, 0.9981087470449173, 0.9981087470449173, 0.9981087470449173, 0.9981087470449173, 0.9985815602836879, 0.9976359338061466, 0.9981087470449173, 0.9985815602836879]",0.5007936507936508,0.9981087470449171,0.9981087470449173,1.4556353092193604
75,10,10,"[0.6727780848741531, 0.6873045712709427, 0.6622953861951828, 0.6594151854515076, 0.6852549463510513, 2.5306530594825745, 0.6748276799917221, 0.6774818152189255, 0.6670548915863037, 0.6738854646682739]",0,"[0.9841269841269841, 0.9920634920634921, 1.0, 1.0, 0.9841269841269841, 0.007936507936507936, 0.9920634920634921, 0.9920634920634921, 1.0, 1.0]","[0.9985815602836879, 0.9981087470449173, 0.9981087470449173, 0.9976359338061466, 0.9981087470449173, 0.9981087470449173, 0.9981087470449173, 0.9985815602836879, 0.9976359338061466, 0.9981087470449173]",0.8952380952380953,0.998108747044917,0.9981087470449173,0.7447798252105713
76,10,10,"[0.6639159768819809, 0.6564172804355621, 2.5373250246047974, 0.6603224873542786, 0.6695938557386398, 2.5528537034988403, 2.5444236993789673, 0.6648584306240082, 0.6666316092014313, 2.5504270195961]",0,"[0.9920634920634921, 1.0, 0.007936507936507936, 0.9920634920634921, 0.9841269841269841, 0.0, 0.007936507936507936, 0.9920634920634921, 1.0, 0.0]","[0.9985815602836879, 0.9981087470449173, 0.9976359338061466, 0.9981087470449173, 0.9985815602836879, 0.9981087470449173, 0.9981087470449173, 0.9976359338061466, 0.9981087470449173, 0.9985815602836879]",0.5976190476190476,0.9981560283687942,0.9981087470449173,1.0090787410736084
77,10,10,"[2.5118545293807983, 0.6699969172477722, 0.6593660861253738, 0.6540090590715408, 0.6520231366157532, 0.6593176424503326, 0.6609165966510773, 2.532728910446167, 0.6495072394609451, 2.550656318664551]",0,"[0.007936507936507936, 0.9920634920634921, 1.0, 1.0, 1.0, 1.0, 0.9920634920634921, 0.0, 1.0, 0.007936507936507936]","[0.9985815602836879, 0.9981087470449173, 0.9985815602836879, 0.9981087470449173, 0.9981087470449173, 0.9985815602836879, 0.9985815602836879, 0.9981087470449173, 0.9981087470449173, 0.9985815602836879]",0.7,0.9983451536643024,0.9981087470449173,0.7827222347259521
78,10,10,"[0.6768382638692856, 2.515401780605316, 0.6648116111755371, 0.6518372148275375, 0.6912727504968643, 0.6668936014175415, 0.6552275717258453, 0.6525440365076065, 0.6664314270019531, 2.521677255630493]",0,"[0.9920634920634921, 0.007936507936507936, 0.9920634920634921, 1.0, 0.9841269841269841, 0.9920634920634921, 1.0, 1.0, 0.9920634920634921, 0.007936507936507936]","[0.9985815602836879, 0.9981087470449173, 0.9981087470449173, 0.9976359338061466, 0.9985815602836879, 0.9985815602836879, 0.9976359338061466, 0.9981087470449173, 0.9981087470449173, 0.9976359338061466]",0.7968253968253969,0.9981087470449171,0.9981087470449173,0.7138364315032959
79,10,10,"[0.654247909784317, 0.6478805094957352, 0.6499588191509247, 2.51926589012146, 0.6630785018205643, 0.6558690816164017, 0.6522190719842911, 2.5544665455818176, 0.6548318266868591, 0.6642821878194809]",0,"[1.0, 1.0, 1.0, 0.015873015873015872, 0.9920634920634921, 1.0, 1.0, 0.007936507936507936, 1.0, 0.9920634920634921]","[0.9981087470449173, 0.9981087470449173, 0.9985815602836879, 0.9985815602836879, 0.9981087470449173, 0.9981087470449173, 0.9981087470449173, 0.9981087470449173, 0.9985815602836879, 0.9981087470449173]",0.8007936507936508,0.9982505910165482,0.9981087470449173,0.7094719409942627
80,10,10,"[0.6616983264684677, 2.5302915573120117, 0.6606159955263138, 0.653191477060318, 0.6487331688404083, 0.6490413993597031, 2.5164350867271423, 0.6528728902339935, 0.6519793272018433, 2.567261576652527]",0,"[1.0, 0.007936507936507936, 0.9920634920634921, 0.9920634920634921, 1.0, 1.0, 0.007936507936507936, 1.0, 1.0, 0.0]","[0.9981087470449173, 0.9981087470449173, 0.9976359338061466, 0.9976359338061466, 0.9976359338061466, 0.9981087470449173, 0.9981087470449173, 0.9985815602836879, 0.9981087470449173, 0.9981087470449173]",0.7,0.998014184397163,0.9981087470449173,0.7988343238830566
81,10,10,"[0.676256075501442, 2.5620838403701782, 2.553932011127472, 2.5749000310897827, 2.5220616459846497, 0.6492684036493301, 0.6510480493307114, 0.6546194702386856, 2.5708929896354675, 2.56851065158844]",0,"[0.9920634920634921, 0.007936507936507936, 0.007936507936507936, 0.0, 0.007936507936507936, 1.0, 1.0, 1.0, 0.0, 0.007936507936507936]","[0.9981087470449173, 0.9976359338061466, 0.9981087470449173, 0.9981087470449173, 0.9981087470449173, 0.9981087470449173, 0.9976359338061466, 0.9981087470449173, 0.9981087470449173, 0.9981087470449173]",0.4023809523809524,0.998014184397163,0.9981087470449173,1.1638133525848389
82,10,10,"[0.6466274261474609, 0.6574424803256989, 0.6618842482566833, 0.6505514532327652, 0.6536018699407578, 0.6672874838113785, 0.6525429338216782, 2.551014482975006, 0.6590696722269058, 0.6494881957769394]",0,"[1.0, 0.9920634920634921, 1.0, 1.0, 1.0, 0.9920634920634921, 1.0, 0.0, 1.0, 1.0]","[0.9981087470449173, 0.9981087470449173, 0.9981087470449173, 0.9981087470449173, 0.9981087470449173, 0.9985815602836879, 0.9981087470449173, 0.9976359338061466, 0.9981087470449173, 0.9981087470449173]",0.8984126984126984,0.9981087470449171,0.9981087470449173,0.6387805938720703
83,10,10,"[0.6573295295238495, 0.6502455174922943, 0.6488720029592514, 2.576290190219879, 0.6498972922563553, 0.6475498229265213, 0.6865126192569733, 0.6506222933530807, 0.6828997284173965, 0.6586958318948746]",0,"[1.0, 1.0, 1.0, 0.0, 1.0, 1.0, 0.9841269841269841, 0.9920634920634921, 0.9920634920634921, 0.9920634920634921]","[0.9981087470449173, 0.9976359338061466, 0.9981087470449173, 0.9981087470449173, 0.9981087470449173, 0.9981087470449173, 0.9985815602836879, 0.9976359338061466, 0.9981087470449173, 0.9976359338061466]",0.8960317460317461,0.998014184397163,0.9981087470449173,0.7681591510772705
84,10,10,"[2.5820378065109253, 0.6691711843013763, 0.6591098457574844, 0.6434465199708939, 0.6853753477334976, 2.543121337890625, 0.6488094478845596, 2.5600354075431824, 0.6549768149852753, 0.6516819149255753]",0,"[0.0, 1.0, 0.9841269841269841, 1.0, 0.9841269841269841, 0.007936507936507936, 1.0, 0.007936507936507936, 1.0, 0.9920634920634921]","[0.9981087470449173, 0.9981087470449173, 0.9981087470449173, 0.9981087470449173, 0.9981087470449173, 0.9981087470449173, 0.9981087470449173, 0.9981087470449173, 0.9981087470449173, 0.9981087470449173]",0.6976190476190476,0.998108747044917,0.9981087470449173,0.8455452919006348
85,10,10,"[0.6408405154943466, 2.5441130995750427, 0.6444526612758636, 2.5634840726852417, 2.5839642882347107, 0.6420973241329193, 0.6463497281074524, 0.6500140875577927, 0.6457772105932236, 0.6421230435371399]",0,"[1.0, 0.007936507936507936, 1.0, 0.015873015873015872, 0.0, 1.0, 1.0, 1.0, 1.0, 1.0]","[0.9981087470449173, 0.9981087470449173, 0.9981087470449173, 0.9981087470449173, 0.9981087470449173, 0.9981087470449173, 0.9981087470449173, 0.9976359338061466, 0.9981087470449173, 0.9981087470449173]",0.7023809523809523,0.99806146572104,0.9981087470449173,0.7892513275146484
86,10,10,"[0.6428080648183823, 0.6569912433624268, 2.5538694858551025, 0.6416063606739044, 0.6404171139001846, 0.6462264060974121, 2.5831348299980164, 2.5674296021461487, 2.5837091207504272, 0.641214594244957]",0,"[1.0, 0.9841269841269841, 0.007936507936507936, 1.0, 1.0, 1.0, 0.0, 0.0, 0.0, 1.0]","[0.9981087470449173, 0.9981087470449173, 0.9981087470449173, 0.9976359338061466, 0.9981087470449173, 0.9981087470449173, 0.9981087470449173, 0.9976359338061466, 0.9981087470449173, 0.9981087470449173]",0.5992063492063492,0.998014184397163,0.9981087470449173,0.8131945133209229
87,10,10,"[0.6420210897922516, 0.6530928164720535, 0.6564738601446152, 0.6401880532503128, 0.6491212695837021, 2.54686439037323, 0.6436544805765152, 0.6761499047279358, 0.6443374902009964, 2.5745518803596497]",0,"[1.0, 1.0, 0.9920634920634921, 1.0, 0.9920634920634921, 0.023809523809523808, 1.0, 0.9920634920634921, 1.0, 0.0]","[0.9981087470449173, 0.9981087470449173, 0.9985815602836879, 0.9981087470449173, 0.9981087470449173, 0.9981087470449173, 0.9981087470449173, 0.9981087470449173, 0.9981087470449173, 0.9981087470449173]",0.8,0.998156028368794,0.9981087470449173,0.8993148803710938
88,10,10,"[2.573505938053131, 0.640265166759491, 2.5613169074058533, 0.6409140974283218, 0.6813275814056396, 0.6624397486448288, 2.5539574027061462, 0.657459631562233, 0.6391548812389374, 0.6629393547773361]",0,"[0.007936507936507936, 1.0, 0.007936507936507936, 1.0, 0.9841269841269841, 0.9920634920634921, 0.007936507936507936, 0.9920634920634921, 1.0, 0.9920634920634921]","[0.9981087470449173, 0.9981087470449173, 0.9981087470449173, 0.9981087470449173, 0.9990543735224586, 0.9981087470449173, 0.9981087470449173, 0.9981087470449173, 0.9981087470449173, 0.9985815602836879]",0.6984126984126984,0.9982505910165482,0.9981087470449173,0.7612776756286621
89,10,10,"[2.5772854685783386, 2.5465224385261536, 2.579955220222473, 0.6391094923019409, 2.577229917049408, 2.587309181690216, 0.6417469680309296, 2.589921474456787, 0.6767001897096634, 2.5855502486228943]",0,"[0.007936507936507936, 0.007936507936507936, 0.007936507936507936, 1.0, 0.0, 0.0, 1.0, 0.0, 0.9920634920634921, 0.007936507936507936]","[0.9985815602836879, 0.9990543735224586, 0.9981087470449173, 0.9981087470449173, 0.9981087470449173, 0.9990543735224586, 0.9981087470449173, 0.9981087470449173, 0.9981087470449173, 0.9981087470449173]",0.30238095238095236,0.9983451536643024,0.9981087470449173,0.859114408493042
90,10,10,"[0.6494351476430893, 2.553420603275299, 2.5607900619506836, 0.6512911021709442, 2.577064037322998, 2.589233636856079, 0.6440566331148148, 0.6441000252962112, 0.6399631053209305, 2.574795961380005]",0,"[0.9920634920634921, 0.007936507936507936, 0.0, 1.0, 0.007936507936507936, 0.0, 1.0, 1.0, 1.0, 0.0]","[0.9981087470449173, 0.9981087470449173, 0.9981087470449173, 0.9981087470449173, 0.9985815602836879, 0.9981087470449173, 0.9990543735224586, 0.9981087470449173, 0.9981087470449173, 0.9981087470449173]",0.5007936507936508,0.9982505910165482,0.9981087470449173,0.9853525161743164
91,10,10,"[0.6618043035268784, 2.5457786321640015, 2.573045313358307, 0.6494772881269455, 2.5711183547973633, 0.6441550403833389, 0.6389836370944977, 0.6394409388303757, 2.578456223011017, 0.6474152654409409]",0,"[1.0, 0.015873015873015872, 0.007936507936507936, 0.9920634920634921, 0.0, 1.0, 1.0, 1.0, 0.0, 0.9920634920634921]","[0.9990543735224586, 0.9985815602836879, 0.9985815602836879, 0.9981087470449173, 0.9981087470449173, 0.9990543735224586, 0.9981087470449173, 0.9981087470449173, 0.9985815602836879, 0.9985815602836879]",0.6007936507936508,0.9984869976359336,0.9985815602836879,0.8137598037719727
92,10,10,"[0.6488282829523087, 0.6520288735628128, 2.562861740589142, 2.5521215200424194, 2.5919438004493713, 0.6505548804998398, 0.6378719806671143, 2.580109119415283, 2.5938791632652283, 0.6396016031503677]",0,"[0.9920634920634921, 0.9920634920634921, 0.0, 0.007936507936507936, 0.0, 1.0, 1.0, 0.0, 0.0, 1.0]","[0.9985815602836879, 0.9981087470449173, 0.9981087470449173, 0.9985815602836879, 0.9985815602836879, 0.9985815602836879, 0.9981087470449173, 0.9981087470449173, 0.9981087470449173, 0.9985815602836879]",0.4992063492063492,0.9983451536643024,0.9985815602836879,0.8734281063079834
93,10,10,"[0.6480592787265778, 0.6378686279058456, 0.6434311717748642, 0.6516755223274231, 2.546307384967804, 2.5732107162475586, 0.6617698520421982, 0.6374516934156418, 0.6427395045757294, 0.6409247368574142]",0,"[1.0, 1.0, 0.9920634920634921, 0.9920634920634921, 0.023809523809523808, 0.0, 0.9920634920634921, 1.0, 1.0, 1.0]","[0.9981087470449173, 0.9981087470449173, 0.9981087470449173, 0.9981087470449173, 0.9985815602836879, 0.9981087470449173, 0.9985815602836879, 0.9985815602836879, 0.9981087470449173, 0.9985815602836879]",0.8,0.9982978723404253,0.9981087470449173,1.0578665733337402
94,10,10,"[2.577787458896637, 2.5796075463294983, 0.6387359201908112, 0.6398524791002274, 0.6504323035478592, 0.6402501612901688, 0.6509316116571426, 0.644287720322609, 0.6490801721811295, 0.6507276594638824]",0,"[0.007936507936507936, 0.0, 1.0, 1.0, 1.0, 1.0, 1.0, 1.0, 1.0, 0.9920634920634921]","[0.9985815602836879, 0.9981087470449173, 0.9981087470449173, 0.9981087470449173, 0.9981087470449173, 0.9981087470449173, 0.9985815602836879, 0.9985815602836879, 0.9981087470449173, 0.9981087470449173]",0.8,0.9982505910165482,0.9981087470449173,0.7985525131225586
95,10,10,"[0.6393500566482544, 2.580069363117218, 2.582213819026947, 0.641476646065712, 0.6381049752235413, 0.6443401724100113, 2.552998661994934, 0.6392095535993576, 0.6379622220993042, 2.5583986043930054]",0,"[1.0, 0.007936507936507936, 0.0, 1.0, 1.0, 1.0, 0.015873015873015872, 1.0, 1.0, 0.007936507936507936]","[0.9985815602836879, 0.9981087470449173, 0.9981087470449173, 0.9990543735224586, 0.9981087470449173, 0.9981087470449173, 0.9985815602836879, 0.9981087470449173, 0.9990543735224586, 0.9985815602836879]",0.6031746031746031,0.9984397163120565,0.9981087470449173,0.9509642124176025
96,10,10,"[2.5820931792259216, 0.6360882222652435, 0.6368270069360733, 0.6397022753953934, 0.6397342532873154, 2.5550065636634827, 2.5994547605514526, 0.6573277711868286, 0.6361418664455414, 0.6490199416875839]",0,"[0.0, 1.0, 1.0, 1.0, 1.0, 0.023809523809523808, 0.0, 0.9920634920634921, 1.0, 0.9920634920634921]","[0.9981087470449173, 0.9985815602836879, 0.9981087470449173, 0.9985815602836879, 0.9981087470449173, 0.9985815602836879, 0.9985815602836879, 0.9981087470449173, 0.9981087470449173, 0.9981087470449173]",0.7007936507936507,0.9982978723404253,0.9981087470449173,0.9125654697418213
97,10,10,"[2.591106653213501, 0.6335413753986359, 0.6394719630479813, 2.5907933712005615, 0.6350464522838593, 2.5879310369491577, 0.6350872665643692, 0.6480232030153275, 2.5566104650497437, 0.6470159739255905]",0,"[0.0, 1.0, 1.0, 0.0, 1.0, 0.007936507936507936, 1.0, 1.0, 0.007936507936507936, 0.9920634920634921]","[0.9981087470449173, 0.9981087470449173, 0.9985815602836879, 0.9985815602836879, 0.9981087470449173, 0.9985815602836879, 0.9990543735224586, 0.9985815602836879, 0.9981087470449173, 0.9981087470449173]",0.6007936507936508,0.9983924349881794,0.9985815602836879,0.7117307186126709
98,10,10,"[0.6345746964216232, 0.6553354561328888, 2.5587570667266846, 0.6380341202020645, 0.6397169977426529, 2.597188711166382, 2.591299533843994, 0.6343996822834015, 2.5863816142082214, 0.6343639642000198]",0,"[1.0, 1.0, 0.007936507936507936, 1.0, 0.9920634920634921, 0.0, 0.0, 1.0, 0.007936507936507936, 1.0]","[0.9985815602836879, 0.9981087470449173, 0.9981087470449173, 0.9981087470449173, 0.9981087470449173, 0.9985815602836879, 0.9985815602836879, 0.9981087470449173, 0.9985815602836879, 0.9981087470449173]",0.6007936507936508,0.9982978723404253,0.9981087470449173,0.850165843963623
99,10,10,"[0.6346109211444855, 0.6646040380001068, 2.582512319087982, 2.589911639690399, 0.6353807002305984, 0.6397511065006256, 0.6672902256250381, 0.664135679602623, 2.579703390598297, 2.558623194694519]",0,"[1.0, 0.9920634920634921, 0.007936507936507936, 0.0, 1.0, 1.0, 0.9920634920634921, 0.9841269841269841, 0.0, 0.015873015873015872]","[0.9981087470449173, 0.9990543735224586, 0.9981087470449173, 0.9981087470449173, 0.9981087470449173, 0.9981087470449173, 0.9981087470449173, 0.9990543735224586, 0.9981087470449173, 0.9985815602836879]",0.5992063492063492,0.9983451536643024,0.9981087470449173,0.7580022811889648
